Group No;Group Name;Name;Sub Name;Repeater Call Sign;Gateway Call Sign;Frequency;Dup;Offset;Mode;TONE;Repeater Tone;RPT1USE;Position;Latitude;Longitude;UTC Offset
1;Acre;Rio Branco;CHAMADA;;;146.520000;DUP+;0.000000;FM;OFF;88.5Hz;YES;Approximate;-9.974017;-67.809783;-5:00
2;Alagoas;Maceio;CHAMADA;;;146.520000;DUP+;0.000000;FM;OFF;88.5Hz;YES;Approximate;-9.666033;-35.735233;-3:00
3;Amapa;Macapa;;;;146.210000;DUP+;0.600000;FM;OFF;88.5Hz;YES;Approximate;0.034517;-51.065700;-3:00
3;Amapa;Macapa;;;;147.100000;DUP+;0.600000;FM;OFF;88.5Hz;YES;Approximate;0.034517;-51.065700;-3:00
3;Amapa;Macapa;;;;147.810000;DUP-;0.600000;FM;OFF;88.5Hz;YES;Approximate;0.034517;-51.065700;-3:00
3;Amapa;Macapa;;;;146.620000;DUP-;0.600000;FM;TONE;88.5Hz;YES;Approximate;0.034517;-51.065700;-3:00
4;Amazonas;Manaus;;;;146.340000;DUP+;0.600000;FM;OFF;88.5Hz;YES;Approximate;-3.123850;-60.020583;-4:00
4;Amazonas;Manaus;;;;146.910000;DUP-;0.600000;FM;OFF;88.5Hz;YES;Approximate;-3.123850;-60.020583;-4:00
5;Bahia;Camacari;;PY6AD;;145.210000;DUP-;0.600000;FM;TONE;123.0Hz;YES;Approximate;-12.693583;-38.323383;-3:00
5;Bahia;Conceicao Coite;;;;146.210000;DUP+;0.600000;FM;OFF;88.5Hz;YES;Approximate;-11.602483;-39.331900;-3:00
5;Bahia;Conde;;;;147.390000;DUP+;0.600000;FM;OFF;88.5Hz;YES;Approximate;-11.826100;-37.635100;-3:00
5;Bahia;Conde;;;;147.390000;DUP+;0.600000;FM;TONE;88.5Hz;YES;Approximate;-11.826100;-37.635100;-3:00
5;Bahia;Feira de Santana;;;;145.230000;DUP-;0.600000;FM;OFF;88.5Hz;YES;Approximate;-12.255383;-38.955683;-3:00
5;Bahia;Feira de Santana;;;;145.470000;DUP-;0.600000;FM;OFF;88.5Hz;YES;Approximate;-12.255383;-38.955683;-3:00
5;Bahia;Feira de Santana;;;;146.370000;DUP+;0.600000;FM;OFF;88.5Hz;YES;Approximate;-12.255383;-38.955683;-3:00
5;Bahia;Salvador;;;;146.030000;DUP+;0.600000;FM;OFF;88.5Hz;YES;Approximate;-12.996767;-38.473767;-3:00
5;Bahia;Salvador;;;;146.230000;DUP+;0.600000;FM;OFF;88.5Hz;YES;Approximate;-12.996767;-38.473767;-3:00
5;Bahia;Salvador;;;;146.310000;DUP+;0.600000;FM;OFF;88.5Hz;YES;Approximate;-12.996767;-38.473767;-3:00
5;Bahia;Salvador;;;;146.340000;DUP+;0.600000;FM;OFF;88.5Hz;YES;Approximate;-12.996767;-38.473767;-3:00
5;Bahia;Santa Teresinha;;;;146.130000;DUP+;0.600000;FM;OFF;88.5Hz;YES;Approximate;-12.750200;-39.513500;-3:00
5;Bahia;Tanquinho;;;;145.000000;DUP-;0.600000;FM;OFF;88.5Hz;YES;Approximate;-13.241000;-39.573100;-3:00
6;Ceara;Guaramiranga;;;;146.150000;DUP+;0.600000;FM;OFF;88.5Hz;YES;Approximate;-4.282050;-38.939067;-3:00
6;Ceara;Iguatu;;;;147.000000;DUP+;0.600000;FM;OFF;88.5Hz;YES;Approximate;-6.348700;-39.306483;-3:00
6;Ceara;Oros;;;;145.450000;DUP-;0.600000;FM;OFF;88.5Hz;YES;Approximate;-4.282050;-38.939067;-3:00
7;Distrito Federal;Brasilia;;PT2MTD C;PT2MTD G;146.610000;DUP-;0.600000;DV;OFF;88.5Hz;YES;Approximate;-15.970833;-48.054133;-3:00
7;Distrito Federal;Brasilia;;;;145.210000;DUP-;0.600000;FM;OFF;88.5Hz;YES;Approximate;-15.778483;-47.928683;-3:00
7;Distrito Federal;Brasilia;;;;145.290000;DUP-;0.600000;FM;OFF;88.5Hz;YES;Approximate;-15.778483;-47.928683;-3:00
7;Distrito Federal;Brasilia;;;;145.330000;DUP-;0.600000;FM;OFF;88.5Hz;YES;Approximate;-15.778483;-47.928683;-3:00
7;Distrito Federal;Brasilia;;;;145.390000;DUP-;0.600000;FM;OFF;88.5Hz;YES;Approximate;-15.778483;-47.928683;-3:00
7;Distrito Federal;Brasilia;;;;145.450000;DUP-;0.600000;FM;OFF;88.5Hz;YES;Approximate;-15.778483;-47.928683;-3:00
7;Distrito Federal;Brasilia;;;;146.370000;DUP+;0.600000;FM;OFF;88.5Hz;YES;Approximate;-15.778483;-47.928683;-3:00
7;Distrito Federal;Brasilia;;;;146.610000;DUP-;0.600000;FM;OFF;88.5Hz;YES;Approximate;-15.778483;-47.928683;-3:00
7;Distrito Federal;Brasilia;;;;146.650000;DUP-;0.600000;FM;OFF;88.5Hz;YES;Approximate;-15.778483;-47.928683;-3:00
7;Distrito Federal;Brasilia;;;;146.830000;DUP-;0.600000;FM;OFF;88.5Hz;YES;Approximate;-15.778483;-47.928683;-3:00
7;Distrito Federal;Brasilia;;;;146.950000;DUP-;0.600000;FM;OFF;88.5Hz;YES;Approximate;-15.778483;-47.928683;-3:00
7;Distrito Federal;Brasilia;;;;147.360000;DUP+;0.600000;FM;OFF;88.5Hz;YES;Approximate;-15.778483;-47.928683;-3:00
7;Distrito Federal;Brasilia;;;;147.630000;DUP-;0.600000;FM;OFF;88.5Hz;YES;Approximate;-15.778483;-47.928683;-3:00
7;Distrito Federal;Brasilia;;;;147.720000;DUP-;0.600000;FM;OFF;88.5Hz;YES;Approximate;-15.778483;-47.928683;-3:00
7;Distrito Federal;Brasilia;;;;147.810000;DUP-;0.600000;FM;OFF;88.5Hz;YES;Approximate;-15.778483;-47.928683;-3:00
7;Distrito Federal;Brasilia;;;;147.870000;DUP-;0.600000;FM;OFF;88.5Hz;YES;Approximate;-15.778483;-47.928683;-3:00
7;Distrito Federal;Brasilia;;;;147.930000;DUP-;0.600000;FM;OFF;88.5Hz;YES;Approximate;-15.778483;-47.928683;-3:00
7;Distrito Federal;Brasilia;;;;439.450000;DUP-;5.000000;FM;OFF;88.5Hz;YES;Approximate;-15.778483;-47.928683;-3:00
7;Distrito Federal;Brasilia;;;;439.525000;DUP-;5.000000;FM;OFF;88.5Hz;YES;Approximate;-15.778483;-47.928683;-3:00
7;Distrito Federal;Brasilia;;;;439.650000;DUP-;5.000000;FM;OFF;88.5Hz;YES;Approximate;-15.778483;-47.928683;-3:00
7;Distrito Federal;Brasilia;;;;439.850000;DUP-;5.000000;FM;OFF;88.5Hz;YES;Approximate;-15.778483;-47.928683;-3:00
7;Distrito Federal;Brasilia;;;;439.975000;DUP-;5.000000;FM;OFF;88.5Hz;YES;Approximate;-15.778483;-47.928683;-3:00
8;Espirito Santo;Colatina;;;;146.790000;DUP-;0.600000;FM;OFF;88.5Hz;YES;Approximate;-19.538400;-40.632700;-3:00
8;Espirito Santo;Domingos Martins;;;;145.250000;DUP-;0.600000;FM;OFF;88.5Hz;YES;Approximate;-20.362600;-40.659000;-3:00
8;Espirito Santo;Joao Neiva;;;;145.210000;DUP-;0.600000;FM;OFF;88.5Hz;YES;Approximate;-19.830783;-40.361167;-3:00
8;Espirito Santo;Joao Neiva;;;;147.390000;DUP+;0.600000;FM;OFF;88.5Hz;YES;Approximate;-19.933000;-40.595683;-3:00
8;Espirito Santo;Santa Teresa;;PP1STA;;145.270000;DUP-;0.600000;FM;TONE;88.5Hz;YES;Approximate;-19.989000;-40.578967;-3:00
8;Espirito Santo;Sao Mateus;;;;145.470000;DUP-;0.600000;FM;OFF;88.5Hz;YES;Approximate;-18.716667;-39.859100;-3:00
8;Espirito Santo;Vila Velha;;;;146.870000;DUP-;0.600000;FM;OFF;88.5Hz;YES;Approximate;-20.330467;-40.291900;-3:00
8;Espirito Santo;Vitoria;;;;147.330000;DUP+;0.600000;FM;OFF;88.5Hz;YES;Approximate;-20.294200;-40.301467;-3:00
9;Goias;Anapolis;;;;146.150000;DUP+;0.600000;FM;OFF;88.5Hz;YES;Approximate;-16.328683;-48.952883;-3:00
9;Goias;Anapolis;;;;146.370000;DUP+;0.600000;FM;OFF;88.5Hz;YES;Approximate;-16.328683;-48.952883;-3:00
9;Goias;Anapolis;;;;146.790000;DUP-;0.600000;FM;OFF;88.5Hz;YES;Approximate;-15.957683;-48.814883;-3:00
9;Goias;Anapolis;;;;147.750000;DUP-;0.600000;FM;OFF;88.5Hz;YES;Approximate;-16.328683;-48.952883;-3:00
9;Goias;Cristalina;;;;145.490000;DUP-;0.600000;FM;OFF;88.5Hz;YES;Approximate;-16.767783;-47.607200;-3:00
9;Goias;Flores de Goias;;;;147.900000;DUP-;0.600000;FM;OFF;88.5Hz;YES;Approximate;-14.438300;-47.045500;-3:00
9;Goias;Goiania;;;;145.370000;DUP-;0.600000;FM;OFF;88.5Hz;YES;Approximate;-16.679300;-49.256300;-3:00
9;Goias;Goiania;;;;147.000000;DUP+;0.600000;FM;OFF;88.5Hz;YES;Approximate;-16.686883;-49.264767;-3:00
9;Goias;Jandaia;;;;147.630000;DUP-;0.600000;FM;OFF;88.5Hz;YES;Approximate;-17.044000;-50.107883;-3:00
9;Goias;Senador Canedo;;;;146.910000;DUP-;0.600000;FM;OFF;88.5Hz;YES;Approximate;-16.704267;-49.108283;-3:00
9;Goias;Senador Canedo;;;;145.230000;DUP-;0.600000;FM;TONE;100.0Hz;YES;Approximate;-16.700133;-49.099933;-3:00
10;Maranhao;Bacabal;;;;147.720000;DUP-;0.600000;FM;OFF;88.5Hz;YES;Approximate;-4.221717;-44.780100;-3:00
10;Maranhao;Sao Luis;;;;146.340000;DUP+;0.600000;FM;OFF;88.5Hz;YES;Approximate;-2.555000;-44.336467;-3:00
10;Maranhao;Sao Luis;;;;147.940000;DUP-;0.600000;FM;OFF;88.5Hz;YES;Approximate;-2.555000;-44.336467;-3:00
10;Maranhao;Timon;;PR8RMP;;145.290000;DUP-;0.600000;FM;OFF;88.5Hz;YES;Approximate;-5.094967;-42.836883;-3:00
11;Mato Grosso;Cuiaba;;;;146.110000;DUP+;0.600000;FM;OFF;88.5Hz;YES;Approximate;-15.599100;-56.095000;-4:00
11;Mato Grosso;Varzea Grande;;;;145.450000;DUP-;0.600000;FM;OFF;88.5Hz;YES;Approximate;-15.651700;-56.139300;-4:00
12;Mato Grosso Sul;Angelica;;;;147.910000;DUP-;0.600000;FM;OFF;88.5Hz;YES;Approximate;-22.089567;-53.758567;-4:00
12;Mato Grosso Sul;Angelica;;;;147.930000;DUP-;0.600000;FM;OFF;88.5Hz;YES;Approximate;-22.089567;-53.758567;-4:00
12;Mato Grosso Sul;Aquidauana;;;;145.270000;DUP-;0.600000;FM;OFF;88.5Hz;YES;Approximate;-20.475500;-55.786567;-4:00
12;Mato Grosso Sul;Aquidauana;;;;145.330000;DUP-;0.600000;FM;OFF;88.5Hz;YES;Approximate;-20.475500;-55.786567;-4:00
12;Mato Grosso Sul;Aquidauana;;;;147.000000;DUP+;0.600000;FM;OFF;88.5Hz;YES;Approximate;-20.475500;-55.786567;-4:00
12;Mato Grosso Sul;Campo Grande;;;;147.210000;DUP+;0.600000;FM;OFF;88.5Hz;YES;Approximate;-21.542900;-54.818583;-4:00
12;Mato Grosso Sul;Campo Grande;;;;147.630000;DUP-;0.600000;FM;OFF;88.5Hz;YES;Approximate;-21.542900;-54.818583;-4:00
12;Mato Grosso Sul;Campo Grande;;;;147.990000;DUP-;0.600000;FM;OFF;88.5Hz;YES;Approximate;-21.542900;-54.818583;-4:00
12;Mato Grosso Sul;Campo Grande;;;;147.030000;DUP+;0.600000;FM;OFF;88.5Hz;YES;Approximate;-20.399083;-54.571983;-4:00
12;Mato Grosso Sul;Campo Grande;;;;147.100000;DUP+;0.600000;FM;TONE;74.4Hz;YES;Approximate;-21.542900;-54.818583;-4:00
12;Mato Grosso Sul;Maracaju;;;;147.750000;DUP-;0.600000;FM;OFF;88.5Hz;YES;Approximate;-21.631267;-55.293383;-4:00
12;Mato Grosso Sul;Nova Alvor. do S;;;;145.310000;DUP-;0.600000;FM;OFF;88.5Hz;YES;Approximate;-21.466800;-54.378883;-4:00
12;Mato Grosso Sul;Paranaiba;;PT9PBA;;147.090000;DUP+;0.600000;FM;TONE;100.0Hz;YES;Approximate;-19.690667;-51.175667;-4:00
13;Minas Gerais;Astolfo Dutra;;;;147.330000;DUP+;0.600000;FM;TONE;71.9Hz;YES;Approximate;-21.333400;-42.858600;-3:00
13;Minas Gerais;Barbacena;;;;439.475000;DUP-;5.000000;FM;OFF;88.5Hz;YES;Approximate;-21.221950;-43.772433;-3:00
13;Minas Gerais;Barroso;;;;147.060000;DUP+;0.600000;FM;OFF;88.5Hz;YES;Approximate;-21.189800;-43.976683;-3:00
13;Minas Gerais;Bela Vista;;PY4KID B;PY4KID G;439.650000;DUP-;5.000000;DV;OFF;88.5Hz;YES;Approximate;-22.159167;-45.754833;-3:00
13;Minas Gerais;Belo Horizonte;;;;146.870000;DUP-;0.600000;FM;OFF;88.5Hz;YES;Approximate;-19.945400;-43.932700;-3:00
13;Minas Gerais;Belo Horizonte;;;;147.120000;DUP+;0.600000;FM;OFF;88.5Hz;YES;Approximate;-19.945400;-43.932700;-3:00
13;Minas Gerais;Belo Horizonte;;;;146.730000;DUP-;0.600000;FM;OFF;88.5Hz;YES;Approximate;-19.945400;-43.932700;-3:00
13;Minas Gerais;Belo Horizonte;;;;146.770000;DUP-;0.600000;FM;OFF;88.5Hz;YES;Approximate;-19.945400;-43.932700;-3:00
13;Minas Gerais;Belo Horizonte;;;;439.975000;DUP-;5.000000;FM;OFF;88.5Hz;YES;Approximate;-19.945400;-43.932700;-3:00
13;Minas Gerais;Belo Horizonte;;;;439.900000;DUP-;5.000000;FM;TONE;82.5Hz;YES;Approximate;-19.945400;-43.932700;-3:00
13;Minas Gerais;Bom Sucesso;;;;147.330000;DUP+;0.600000;FM;OFF;88.5Hz;YES;Approximate;-21.066667;-44.753700;-3:00
13;Minas Gerais;Bom Sucesso;;;;439.450000;DUP-;5.000000;FM;OFF;88.5Hz;YES;Approximate;-21.066667;-44.753700;-3:00
13;Minas Gerais;Bueno Brandao;;;;146.750000;DUP-;0.600000;FM;TONE;67.0Hz;YES;Approximate;-22.441900;-46.353583;-3:00
13;Minas Gerais;Caete;;;;147.360000;DUP+;0.600000;FM;OFF;88.5Hz;YES;Approximate;-19.884767;-43.665500;-3:00
13;Minas Gerais;Caete;;;;146.950000;DUP-;0.600000;FM;TONE;77.0Hz;YES;Approximate;-19.884767;-43.665500;-3:00
13;Minas Gerais;Caete;;;;439.950000;DUP-;5.000000;FM;OFF;88.5Hz;YES;Approximate;-19.884767;-43.665500;-3:00
13;Minas Gerais;Campo Belo;;;;146.710000;DUP-;0.600000;FM;OFF;88.5Hz;YES;Approximate;-20.855667;-45.270983;-3:00
13;Minas Gerais;Cambui;;PY4RRM;;146.790000;DUP-;0.600000;FM;TONE;82.5Hz;YES;Approximate;-22.534583;-45.818683;-3:00
13;Minas Gerais;Caratinga;;;;146.710000;DUP-;0.600000;FM;OFF;88.5Hz;YES;Approximate;-19.790367;-42.139300;-3:00
13;Minas Gerais;Carmo da Mata;;;;146.850000;DUP-;0.600000;FM;OFF;88.5Hz;YES;Approximate;-20.590783;-44.852100;-3:00
13;Minas Gerais;Corr d Bom Jesus;;PY4KHB C;PY4KHB G;145.430000;DUP-;0.600000;DV;OFF;88.5Hz;YES;Approximate;-22.688167;-45.955667;-3:00
13;Minas Gerais;Corr d Bom Jesus;;PY4RSD;;147.210000;DUP+;0.600000;FM;TONE;67.0Hz;YES;Approximate;-22.630100;-46.019400;-3:00
13;Minas Gerais;Corr d Bom Jesus;;;;438.250000;DUP-;5.000000;FM;OFF;88.5Hz;YES;Approximate;-22.630100;-46.019400;-3:00
13;Minas Gerais;Divinopolis;;;;146.750000;DUP-;0.600000;FM;OFF;88.5Hz;YES;Approximate;-20.145067;-44.891600;-3:00
13;Minas Gerais;Estiva;;PY4ALV B;PY4ALV G;439.750000;DUP-;5.000000;DV;OFF;88.5Hz;YES;Approximate;-22.422000;-46.003167;-3:00
13;Minas Gerais;Extrema;;PY4FW;;146.810000;DUP-;0.600000;FM;TONE;82.5Hz;YES;Approximate;-22.880817;-46.307750;-3:00
13;Minas Gerais;Extrema;;PY4RE;;439.125000;DUP-;5.000000;FM;TONE;91.5Hz;YES;Approximate;-22.880817;-46.307750;-3:00
13;Minas Gerais;Formiga;;PY4RAB;;145.470000;DUP-;0.600000;FM;TONE;82.5Hz;YES;Approximate;-20.465333;-45.425383;-3:00
13;Minas Gerais;Gov. Valadares;;;;145.290000;DUP-;0.600000;FM;TONE;82.5Hz;YES;Approximate;-18.850500;-41.948100;-3:00
13;Minas Gerais;Ipanema;;;;147.090000;DUP+;0.600000;FM;OFF;88.5Hz;YES;Approximate;-19.874300;-41.722167;-3:00
13;Minas Gerais;Ipatinga;;;;145.390000;DUP-;0.600000;FM;OFF;88.5Hz;YES;Approximate;-19.468200;-42.536700;-3:00
13;Minas Gerais;Ipatinga;;;;147.180000;DUP+;0.600000;FM;TONE;88.5Hz;YES;Approximate;-19.463167;-42.559233;-3:00
13;Minas Gerais;Itajuba;;PY4RIT;;146.690000;DUP-;0.600000;FM;TONE;97.4Hz;YES;Approximate;-22.426900;-45.452883;-3:00
13;Minas Gerais;Jaboticatubas;;;;147.390000;DUP+;0.600000;FM;OFF;88.5Hz;YES;Approximate;-19.517083;-43.747600;-3:00
13;Minas Gerais;Jaboticatubas;;;;439.975000;DUP-;5.000000;FM;OFF;88.5Hz;YES;Approximate;-19.517083;-43.747600;-3:00
13;Minas Gerais;Jacutinga;;;;145.410000;DUP-;0.600000;FM;TONE;77.0Hz;YES;Approximate;-22.286300;-46.612300;-3:00
13;Minas Gerais;Jacutinga;;;;145.290000;DUP-;0.600000;FM;TONE;67.0Hz;YES;Approximate;-22.283183;-46.608917;-3:00
13;Minas Gerais;Lavras;;;;146.670000;DUP-;0.600000;FM;OFF;88.5Hz;YES;Approximate;-21.245800;-44.999800;-3:00
13;Minas Gerais;Mariana;;;;439.800000;DUP-;5.000000;FM;OFF;88.5Hz;YES;Approximate;-20.385200;-43.503700;-3:00
13;Minas Gerais;Mateus Leme;;;;147.270000;DUP+;0.600000;FM;OFF;88.5Hz;YES;Approximate;-19.989500;-44.431400;-3:00
13;Minas Gerais;Matutina;;PY4RTG;;145.330000;DUP-;0.600000;FM;TONE;88.5Hz;YES;Approximate;-19.266833;-45.972500;-3:00
13;Minas Gerais;Mirai;;;;147.300000;DUP+;0.600000;FM;OFF;88.5Hz;YES;Approximate;-21.208200;-42.628883;-3:00
13;Minas Gerais;Monte Siao;;;;145.200000;DUP-;0.600000;FM;OFF;88.5Hz;YES;Approximate;-22.433300;-46.572283;-3:00
13;Minas Gerais;Natercia;;;;146.650000;DUP-;0.600000;FM;TONE;67.0Hz;YES;Approximate;-22.534583;-45.818683;-3:00
13;Minas Gerais;Nova Lima;;PY4RPV B;PY4RPV G;439.850000;DUP-;5.000000;DV;OFF;88.5Hz;YES;Approximate;-19.956833;-43.825667;-3:00
13;Minas Gerais;Onca de Pitangui;;;;145.490000;DUP-;0.600000;FM;TONE;110.9Hz;YES;Approximate;-19.809283;-43.173983;-3:00
13;Minas Gerais;Onca de Pitangui;;;;439.750000;DUP-;5.000000;FM;OFF;88.5Hz;YES;Approximate;-19.742067;-44.757300;-3:00
13;Minas Gerais;Onca de Pitangui;;;;439.975000;DUP-;5.000000;FM;OFF;88.5Hz;YES;Approximate;-19.730617;-44.806750;-3:00
13;Minas Gerais;Ouro Branco;;;;145.390000;DUP-;0.600000;FM;TONE;82.5Hz;YES;Approximate;-20.659700;-43.785483;-3:00
13;Minas Gerais;Ouro Preto;;PY4RDI B;PY4RDI G;439.100000;DUP-;5.000000;DV;OFF;88.5Hz;YES;Approximate;-20.402200;-43.510550;-3:00
13;Minas Gerais;Para de Minas;;;;439.000000;DUP-;5.000000;FM;OFF;88.5Hz;YES;Approximate;-19.860300;-44.607600;-3:00
13;Minas Gerais;Paracatu;;;;146.630000;DUP-;0.600000;FM;OFF;88.5Hz;YES;Approximate;-17.222467;-46.875167;-3:00
13;Minas Gerais;Paracatu;;;;146.850000;DUP-;0.600000;FM;OFF;88.5Hz;YES;Approximate;-17.222467;-46.875167;-3:00
13;Minas Gerais;Pocos de Caldas;;PY4RFM C;PY4RFM G;146.610000;DUP-;0.600000;DV;OFF;88.5Hz;YES;Approximate;-21.733333;-46.582167;-3:00
13;Minas Gerais;Pocos de Caldas;;PY4POC;;147.180000;DUP+;0.600000;FM;TONE;91.5Hz;YES;Approximate;-21.733333;-46.582167;-3:00
13;Minas Gerais;Pouso Alegre;;PY4KDA B;PY4KDA G;439.475000;DUP-;5.000000;DV;OFF;88.5Hz;YES;Approximate;-22.387000;-45.952667;-3:00
13;Minas Gerais;Rio Pomba;;;;147.240000;DUP+;0.600000;FM;OFF;88.5Hz;YES;Approximate;-21.265800;-43.167900;-3:00
13;Minas Gerais;Sao Joao del Rei;;;;146.630000;DUP-;0.600000;FM;OFF;88.5Hz;YES;Approximate;-21.136483;-44.261783;-3:00
13;Minas Gerais;Sao Joao del Rei;;;;146.810000;DUP-;0.600000;FM;OFF;88.5Hz;YES;Approximate;-21.136483;-44.261783;-3:00
13;Minas Gerais;Sao Joao del Rei;;;;439.200000;DUP-;5.000000;FM;TONE;82.5Hz;YES;Approximate;-21.136483;-44.261783;-3:00
13;Minas Gerais;Sete Lagoas;;;;147.030000;DUP+;0.600000;FM;OFF;88.5Hz;YES;Approximate;-19.467683;-44.248100;-3:00
13;Minas Gerais;Teofilo Otoni;;;;146.730000;DUP-;0.600000;FM;TONE;88.5Hz;YES;Approximate;-17.860833;-41.508967;-3:00
13;Minas Gerais;Uba;;PY4RUB;;145.470000;DUP-;0.600000;FM;TONE;88.5Hz;YES;Approximate;-21.121267;-42.943500;-3:00
13;Minas Gerais;Uba;;;;439.375000;DUP-;5.000000;FM;OFF;88.5Hz;YES;Approximate;-21.121267;-42.943500;-3:00
13;Minas Gerais;Vespasiano;;;;146.690000;DUP-;0.600000;FM;TONE;82.5Hz;YES;Approximate;-19.693383;-43.915100;-3:00
13;Minas Gerais;Vicosa;;;;147.210000;DUP+;0.600000;FM;OFF;88.5Hz;YES;Approximate;-20.756133;-42.880000;-3:00
14;Para;Ananindeua;;PY8IAA;;146.840000;DUP-;0.600000;FM;TONE;88.5Hz;YES;Approximate;-1.366050;-48.372200;-3:00
14;Para;Belem;;PY8AAB;;146.940000;DUP-;0.600000;FM;OFF;88.5Hz;YES;Approximate;-1.454383;-48.502483;-3:00
14;Para;Belem;;PY8ABB;;146.760000;DUP-;0.600000;FM;OFF;88.5Hz;YES;Approximate;-1.454383;-48.502483;-3:00
14;Para;Belem;;;;145.450000;DUP-;0.600000;FM;OFF;88.5Hz;YES;Approximate;-1.454383;-48.502483;-3:00
14;Para;Braganca;;;;147.810000;DUP-;0.600000;FM;OFF;88.5Hz;YES;Approximate;-1.065600;-46.788700;-3:00
14;Para;Castanhal;;;;147.100000;DUP+;0.600000;FM;TONE;88.5Hz;YES;Approximate;-1.297050;-47.922183;-3:00
14;Para;Vigia;;;;147.390000;DUP+;0.600000;FM;OFF;88.5Hz;YES;Approximate;-0.870517;-48.105800;-3:00
15;Paraiba;Campina Grande;QAP LOCA;;;145.000000;OFF;0.000000;FM;OFF;88.5Hz;YES;Approximate;-7.230500;-35.881400;-3:00
15;Paraiba;Campina Grande;;PR7CD;;146.850000;DUP-;0.600000;FM;OFF;88.5Hz;YES;Approximate;-7.230500;-35.881400;-3:00
15;Paraiba;Cuite;;;;147.690000;DUP-;0.600000;FM;OFF;88.5Hz;YES;Approximate;-6.479100;-36.150783;-3:00
15;Paraiba;Fagundes;;PR7CG;;145.330000;DUP-;0.600000;FM;OFF;88.5Hz;YES;Approximate;-7.459433;-35.779300;-3:00
15;Paraiba;Guarabira;;PR7GRG;;146.750000;DUP-;0.600000;FM;TONE;88.5Hz;YES;Approximate;-6.867100;-35.497600;-3:00
15;Paraiba;Gurinhem;;PR7CK;;147.150000;DUP+;0.600000;FM;OFF;88.5Hz;YES;Approximate;-7.187000;-35.406000;-3:00
15;Paraiba;Joao Pessoa;QAP LOC.;;;145.500000;OFF;0.000000;FM;TONE;67.0Hz;YES;Approximate;-7.115250;-34.861000;-3:00
15;Paraiba;Joao Pessoa;;PR7JPA;;147.300000;DUP+;0.600000;FM;TONE;110.9Hz;YES;Approximate;-7.115250;-34.861000;-3:00
15;Paraiba;Joao Pessoa;LABRE;PR7AAA;;147.000000;DUP+;0.600000;FM;TONE;67.0Hz;YES;Approximate;-7.115250;-34.861000;-3:00
15;Paraiba;Joao Pessoa;;PR7JPB;;439.500000;DUP-;5.000000;FM;TONE;110.9Hz;YES;Approximate;-7.115250;-34.861000;-3:00
15;Paraiba;Matureia;;PR7PIJ;;147.390000;DUP+;0.600000;FM;OFF;88.5Hz;YES;Approximate;-7.339000;-37.375000;-3:00
15;Paraiba;Monteiro;;PR7DA;;145.490000;DUP-;0.600000;FM;TONE;123.0Hz;YES;Approximate;-7.859167;-37.117667;-3:00
15;Paraiba;Santa Rita;;PR7SR;;145.230000;DUP-;0.600000;FM;TONE;88.5Hz;YES;Approximate;-7.114633;-34.982283;-3:00
15;Paraiba;Solanea;;PR7JAS;;146.910000;DUP-;0.600000;FM;TONE;100.0Hz;YES;Approximate;-6.757167;-35.654667;-3:00
16;Parana;Morretes;;PY5MOR;;145.250000;DUP-;0.600000;FM;TONE;110.9Hz;YES;Approximate;-25.479000;-48.831683;-3:00
16;Parana;Guaratuba;;PY5HAM;;145.370000;DUP-;0.600000;FM;TONE;110.9Hz;YES;Approximate;-25.887333;-48.557667;-3:00
16;Parana;Colombo;;PY5COL;;146.670000;DUP-;0.600000;FM;TONE;110.9Hz;YES;Approximate;-25.267000;-49.220833;-3:00
16;Parana;Curitiba;;PY5TEL;;146.770000;DUP-;0.600000;FM;TONE;110.9Hz;YES;Approximate;-25.440000;-49.276683;-3:00
16;Parana;Curitiba;;PY5STC;;147.000000;DUP+;0.600000;FM;TONE;82.5Hz;YES;Approximate;-25.440000;-49.276683;-3:00
16;Parana;Tunas;;PY5TEP;;147.060000;DUP+;0.600000;FM;TONE;110.9Hz;YES;Approximate;-24.973667;-49.036333;-3:00
16;Parana;Campo Magro;;PY5PRD;;147.090000;DUP+;0.600000;FM;TONE;110.9Hz;YES;Approximate;-25.383833;-49.361833;-3:00
16;Parana;Almirante Tamand;;PY5ART;;147.210000;DUP+;0.600000;FM;TONE;67.0Hz;YES;Approximate;-25.273667;-49.322333;-3:00
16;Parana;Curitiba;;PY5EHO;;147.390000;DUP+;0.600000;FM;TONE;123.0Hz;YES;Approximate;-25.392500;-49.240333;-3:00
16;Parana;Campina G do Sul;;PY5BBS;;439.650000;DUP-;5.000000;FM;TONE;110.9Hz;YES;Approximate;-25.040167;-48.992333;-3:00
16;Parana;Andira;;;;146.180000;DUP+;0.600000;FM;OFF;88.5Hz;YES;Approximate;-23.045783;-50.231600;-3:00
16;Parana;Apiai;;;;146.610000;DUP-;0.600000;FM;TONE;91.5Hz;YES;Approximate;-24.513583;-48.843883;-3:00
16;Parana;Apucarana;;PY5APU;;146.770000;DUP-;0.600000;FM;TONE;88.5Hz;YES;Approximate;-23.548583;-51.459167;-3:00
16;Parana;Balsa Nova;;;;146.970000;DUP-;0.600000;FM;OFF;88.5Hz;YES;Approximate;-25.536367;-49.204100;-3:00
16;Parana;Caratuva;;PY5CTV;;145.210000;DUP-;0.600000;FM;TONE;110.9Hz;YES;Approximate;-25.238000;-48.824333;-3:00
16;Parana;Campina G do Sul;;;;145.490000;DUP-;0.600000;FM;TONE;110.9Hz;YES;Approximate;-25.306667;-49.052700;-3:00
16;Parana;Carambei;;;;146.050000;DUP+;0.600000;FM;OFF;88.5Hz;YES;Approximate;-24.911800;-50.108283;-3:00
16;Parana;Carlopolis;;PY5VET;;145.430000;DUP-;0.600000;FM;TONE;88.5Hz;YES;Approximate;-23.431100;-49.720817;-3:00
16;Parana;Colombo;;;;146.670000;DUP-;0.600000;FM;TONE;110.9Hz;YES;Approximate;-25.292100;-49.225883;-3:00
16;Parana;Cornel. Procopio;;PY5CPR;;145.470000;DUP-;0.600000;FM;TONE;88.5Hz;YES;Approximate;-23.182183;-50.650817;-3:00
16;Parana;Cornel. Procopio;;;;145.470000;DUP-;0.600000;FM;TONE;85.4Hz;YES;Approximate;-23.181100;-50.646700;-3:00
16;Parana;Curitiba;;;;145.450000;DUP-;0.600000;FM;OFF;88.5Hz;YES;Approximate;-25.440000;-49.276683;-3:00
16;Parana;Curitiba;;;;147.690000;DUP-;0.600000;FM;OFF;88.5Hz;YES;Approximate;-25.440000;-49.276683;-3:00
16;Parana;Curitiba;;;;438.900000;DUP-;5.000000;FM;OFF;88.5Hz;YES;Approximate;-25.440000;-49.276683;-3:00
16;Parana;Guaratuba;;;;146.040000;DUP+;0.600000;FM;OFF;88.5Hz;YES;Approximate;-25.883800;-48.576167;-3:00
16;Parana;Guaratuba;;PY5RPB;;146.710000;DUP-;0.600000;FM;TONE;88.5Hz;YES;Approximate;-23.967183;-51.075817;-3:00
16;Parana;Guaratuba;;;;439.000000;DUP-;5.000000;FM;OFF;88.5Hz;YES;Approximate;-25.883800;-48.576167;-3:00
16;Parana;Irati;;;;146.290000;DUP+;0.600000;FM;OFF;88.5Hz;YES;Approximate;-25.467683;-50.651100;-3:00
16;Parana;Mandaguari;;PY5MDG;;147.240000;DUP+;0.600000;FM;TONE;88.5Hz;YES;Approximate;-23.509433;-51.681383;-3:00
16;Parana;Mandaguari;;PY5UNO;;147.000000;DUP+;0.600000;FM;TONE;88.5Hz;YES;Approximate;-23.529433;-51.699717;-3:00
16;Parana;Maringa;;PY5MNG;;145.450000;DUP-;0.600000;FM;TONE;88.5Hz;YES;Approximate;-23.438600;-51.957217;-3:00
16;Parana;Ortigueira;;;;146.710000;DUP-;0.600000;FM;TONE;88.5Hz;YES;Approximate;-23.967183;-51.075817;-3:00
16;Parana;Paranavai;;PY5CRA;;147.090000;DUP+;0.600000;FM;TONE;88.5Hz;YES;Approximate;-23.085550;-52.459433;-3:00
16;Parana;Pirai do Sul;;;;146.100000;DUP+;0.600000;FM;OFF;88.5Hz;YES;Approximate;-24.549600;-49.925300;-3:00
16;Parana;Pirai do Sul;;;;438.000000;DUP-;5.000000;FM;OFF;88.5Hz;YES;Approximate;-24.549600;-49.925300;-3:00
16;Parana;Ponta Grossa;;;;145.370000;DUP-;0.600000;FM;OFF;88.5Hz;YES;Approximate;-25.094900;-50.163100;-3:00
16;Parana;Ponta Grossa;;;;146.170000;DUP+;0.600000;FM;OFF;88.5Hz;YES;Approximate;-25.094900;-50.163100;-3:00
16;Parana;Ponta Grossa;PRINCESA;PY5PGR;;146.870000;DUP-;0.600000;FM;TONE;110.9Hz;YES;Approximate;-25.094900;-50.163100;-3:00
16;Parana;Ponta Grossa;;;;146.310000;DUP+;0.600000;FM;OFF;88.5Hz;YES;Approximate;-25.094900;-50.163100;-3:00
16;Parana;Porto Uniao;;;;144.890000;DUP+;0.600000;FM;OFF;88.5Hz;YES;Approximate;-26.237100;-51.077883;-3:00
16;Parana;Ribeirao Claro;;;;145.430000;DUP-;0.600000;FM;TONE;88.5Hz;YES;Approximate;-23.287900;-49.758700;-3:00
16;Parana;Umuarama;;PY5FAB;;147.210000;DUP+;0.600000;FM;TONE;88.5Hz;YES;Approximate;-23.762183;-53.329433;-3:00
16;Parana;Umuarama;;PY5AMZ;;439.750000;DUP-;5.000000;FM;TONE;91.5Hz;YES;Approximate;-23.742167;-53.307500;-3:00
17;Pernambuco;Barreiros;;PY7BMC;;146.970000;DUP-;0.600000;FM;TONE;100.0Hz;YES;Approximate;-8.809167;-35.189333;-3:00
17;Pernambuco;Escada;;;;147.660000;DUP-;0.600000;FM;TONE;88.5Hz;YES;Approximate;-8.358900;-35.223983;-3:00
17;Pernambuco;Garanhuns;;;;146.790000;DUP-;0.600000;FM;OFF;88.5Hz;YES;Approximate;-8.890633;-36.496600;-3:00
17;Pernambuco;Garanhuns;;;;147.930000;DUP-;0.600000;FM;OFF;88.5Hz;YES;Approximate;-8.890633;-36.496600;-3:00
17;Pernambuco;Jab. dos Guarar.;;;;439.650000;DUP-;5.000000;FM;OFF;88.5Hz;YES;Approximate;-8.112050;-35.015567;-3:00
17;Pernambuco;Joao Alfredo;;PY7CT;;146.630000;DUP-;0.600000;FM;TONE;100.0Hz;YES;Approximate;-7.841667;-35.589500;-3:00
17;Pernambuco;Macaparana;;PY7JMN;;147.240000;DUP+;0.600000;FM;TONE;100.0Hz;YES;Approximate;-7.529667;-35.461100;-3:00
17;Pernambuco;Olinda;;;;147.210000;DUP+;0.600000;FM;OFF;88.5Hz;YES;Approximate;-7.991050;-34.854983;-3:00
17;Pernambuco;Olinda;;;;439.750000;DUP-;5.000000;FM;TONE;100.0Hz;YES;Approximate;-7.991050;-34.854983;-3:00
17;Pernambuco;Recife;;;;146.910000;DUP-;0.600000;FM;OFF;88.5Hz;YES;Approximate;-8.055350;-34.872000;-3:00
17;Pernambuco;Riacho das Almas;;;;145.450000;DUP-;0.600000;FM;OFF;88.5Hz;YES;Approximate;-8.145533;-35.860900;-3:00
17;Pernambuco;Riacho das Almas;;;;147.660000;DUP-;0.600000;FM;OFF;88.5Hz;YES;Approximate;-8.145533;-35.860900;-3:00
17;Pernambuco;Riacho das Almas;;;;439.900000;DUP-;5.000000;FM;OFF;88.5Hz;YES;Approximate;-8.145533;-35.860900;-3:00
17;Pernambuco;Sao Caetano;;;;145.290000;DUP-;0.600000;FM;OFF;88.5Hz;YES;Approximate;-8.331633;-36.142600;-3:00
17;Pernambuco;Sao Caetano;;;;145.390000;DUP-;0.600000;FM;OFF;88.5Hz;YES;Approximate;-8.055350;-34.872000;-3:00
17;Pernambuco;Sao Lourenco da;;PY7AZ;;146.890000;DUP-;0.600000;FM;TONE;100.0Hz;YES;Approximate;-8.021500;-35.101167;-3:00
17;Pernambuco;Taquaritinga d N;;;;146.110000;DUP+;0.600000;FM;OFF;88.5Hz;YES;Approximate;-7.834100;-36.099300;-3:00
17;Pernambuco;Taquaritinga d N;;;;147.870000;DUP-;0.600000;FM;OFF;88.5Hz;YES;Approximate;-7.834100;-36.099300;-3:00
17;Pernambuco;Taquaritinga d N;;PY7AK;;439.950000;DUP-;5.000000;FM;TONE;100.0Hz;YES;Approximate;-7.834100;-36.099300;-3:00
18;Piaui;Batalha;;;;146.910000;DUP-;0.600000;FM;OFF;88.5Hz;YES;Approximate;-4.119400;-42.131400;-3:00
18;Piaui;Pedro II;;;;145.210000;DUP-;0.600000;FM;OFF;88.5Hz;YES;Approximate;-4.423883;-41.490283;-3:00
18;Piaui;Piripiri;;;;145.390000;DUP-;0.600000;FM;TONE;123.0Hz;YES;Approximate;-4.273333;-41.777983;-3:00
18;Piaui;Teresina;ARPI;PS8MIT;;147.390000;DUP+;0.600000;FM;TONE;88.5Hz;YES;Approximate;-5.089350;-42.801600;-3:00
18;Piaui;Teresina;LABRE;PS8TCV;;146.950000;DUP-;0.600000;FM;TONE;88.5Hz;YES;Approximate;-5.089350;-42.801600;-3:00
18;Piaui;Teresina;ARPI;PS8ZM;;439.175000;DUP-;5.000000;FM;TONE;123.0Hz;YES;Approximate;-5.089350;-42.801600;-3:00
19;Rio de Janeiro;Angra dos Reis;;PY1JBW;;146.710000;DUP-;0.600000;FM;TONE;67.0Hz;YES;Approximate;-23.006883;-44.318500;-3:00
19;Rio de Janeiro;Angra dos Reis;;PY1WEM;;146.650000;DUP-;0.600000;FM;TONE;67.0Hz;YES;Approximate;-23.006883;-44.318500;-3:00
19;Rio de Janeiro;Barra do Pirai;;;;145.470000;DUP-;0.600000;FM;OFF;88.5Hz;YES;Approximate;-22.457000;-43.839400;-3:00
19;Rio de Janeiro;Barra do Pirai;;;;439.750000;DUP-;5.000000;FM;OFF;88.5Hz;YES;Approximate;-22.472000;-43.460600;-3:00
19;Rio de Janeiro;Barra Mansa;;;;146.750000;DUP-;0.600000;FM;OFF;88.5Hz;YES;Approximate;-21.539600;-42.180983;-3:00
19;Rio de Janeiro;Bom Jardim;;;;147.360000;DUP+;0.600000;FM;OFF;88.5Hz;YES;Approximate;-22.152067;-42.421783;-3:00
19;Rio de Janeiro;Cabo Frio;;;;146.790000;DUP-;0.600000;FM;OFF;88.5Hz;YES;Approximate;-22.878267;-42.021900;-3:00
19;Rio de Janeiro;Campos Goytacaz.;;;;145.290000;DUP-;0.600000;FM;OFF;88.5Hz;YES;Approximate;-21.754600;-41.324183;-3:00
19;Rio de Janeiro;Campos Goytacaz.;;;;146.910000;DUP-;0.600000;FM;OFF;88.5Hz;YES;Approximate;-21.754600;-41.324183;-3:00
19;Rio de Janeiro;Campos Goytacaz.;;;;146.970000;DUP-;0.600000;FM;TONE;88.5Hz;YES;Approximate;-21.799983;-41.450000;-3:00
19;Rio de Janeiro;Campos Goytacaz.;;;;439.300000;DUP-;5.000000;FM;OFF;88.5Hz;YES;Approximate;-21.754600;-41.324183;-3:00
19;Rio de Janeiro;Campos Goytacaz.;;;;439.475000;DUP-;5.000000;FM;OFF;88.5Hz;YES;Approximate;-21.754600;-41.324183;-3:00
19;Rio de Janeiro;Carmo;;;;145.390000;DUP-;0.600000;FM;OFF;88.5Hz;YES;Approximate;-21.924200;-42.614700;-3:00
19;Rio de Janeiro;Casimiro d Abreu;;;;146.690000;DUP-;0.600000;FM;OFF;88.5Hz;YES;Approximate;-22.499067;-42.273200;-3:00
19;Rio de Janeiro;Casimiro d Abreu;;;;439.550000;DUP-;5.000000;FM;OFF;88.5Hz;YES;Approximate;-22.499067;-42.273200;-3:00
19;Rio de Janeiro;Guapimirim;;;;439.175000;DUP-;5.000000;FM;TONE;100.0Hz;YES;Approximate;-22.416133;-42.972033;-3:00
19;Rio de Janeiro;Juiz de Fora;;;;146.790000;DUP-;0.600000;FM;OFF;88.5Hz;YES;Approximate;-21.765300;-43.348700;-3:00
19;Rio de Janeiro;Juiz de Fora;;;;146.850000;DUP-;0.600000;FM;OFF;88.5Hz;YES;Approximate;-21.765300;-43.348700;-3:00
19;Rio de Janeiro;Juiz de Fora;;;;147.150000;DUP+;0.600000;FM;OFF;88.5Hz;YES;Approximate;-21.765300;-43.348700;-3:00
19;Rio de Janeiro;Leopoldina;;;;145.230000;DUP-;0.600000;FM;OFF;88.5Hz;YES;Approximate;-21.519500;-42.647483;-3:00
19;Rio de Janeiro;Macae;;;;146.650000;DUP-;0.600000;FM;OFF;88.5Hz;YES;Approximate;-22.371783;-41.785700;-3:00
19;Rio de Janeiro;Macae;;;;147.100000;DUP+;0.600000;FM;TONE;88.5Hz;YES;Approximate;-22.383683;-41.782733;-3:00
19;Rio de Janeiro;Marica;;;;147.390000;DUP+;0.600000;FM;TONE;131.8Hz;YES;Approximate;-22.918167;-42.818500;-3:00
19;Rio de Janeiro;Medanha;;PY1MDU;;439.025000;DUP-;5.000000;FM;TONE;100.0Hz;YES;Approximate;-22.824000;-43.523333;-3:00
19;Rio de Janeiro;Medanha;;;;146.890000;DUP-;0.600000;FM;TONE;100.0Hz;YES;Approximate;-22.824000;-43.523333;-3:00
19;Rio de Janeiro;Miguel Pereira;;PY1MPM;;145.210000;DUP-;0.600000;FM;TONE;88.5Hz;YES;Approximate;-22.472000;-43.460600;-3:00
19;Rio de Janeiro;Nilopolis;;PY1NIL;;147.000000;DUP+;0.600000;FM;TONE;88.5Hz;YES;Approximate;-22.809833;-43.419383;-3:00
19;Rio de Janeiro;Niteroi;;PY1LJU;;146.850000;DUP-;0.600000;FM;TONE;100.0Hz;YES;Approximate;-22.880800;-43.103900;-3:00
19;Rio de Janeiro;Niteroi;;PY1PKA;;146.690000;DUP-;0.600000;FM;TONE;100.0Hz;YES;Approximate;-22.880683;-43.101333;-3:00
19;Rio de Janeiro;Niteroi;;PY1NIT;;146.870000;DUP-;0.600000;FM;TONE;100.0Hz;YES;Approximate;-22.880800;-43.103900;-3:00
19;Rio de Janeiro;Niteroi;;;;439.150000;DUP-;5.000000;FM;OFF;88.5Hz;YES;Approximate;-22.880800;-43.103900;-3:00
19;Rio de Janeiro;Niteroi;;;;439.300000;DUP-;5.000000;FM;OFF;88.5Hz;YES;Approximate;-22.880800;-43.103900;-3:00
19;Rio de Janeiro;Niteroi;;;;439.975000;DUP-;5.000000;FM;OFF;88.5Hz;YES;Approximate;-22.880800;-43.103900;-3:00
19;Rio de Janeiro;Niteroi;;PY1ARF;;439.700000;DUP-;5.000000;FM;TONE;88.5Hz;YES;Approximate;-22.880800;-43.103900;-3:00
19;Rio de Janeiro;Niteroi;;;;439.900000;DUP-;5.000000;FM;TONE;88.5Hz;YES;Approximate;-22.880800;-43.103900;-3:00
19;Rio de Janeiro;Niteroi;;PY1GUN;;439.825000;DUP-;5.000000;FM;TONE;100.0Hz;YES;Approximate;-22.880683;-43.101333;-3:00
19;Rio de Janeiro;Niteroi;;PY1UUS;;439.450000;DUP-;5.000000;FM;TONE;100.0Hz;YES;Approximate;-22.880800;-43.103900;-3:00
19;Rio de Janeiro;Niteroi;;;;439.225000;DUP-;5.000000;FM;TONE;100.0Hz;YES;Approximate;-22.880683;-43.101333;-3:00
19;Rio de Janeiro;Niteroi;;PY1GRU;;439.775000;DUP-;5.000000;FM;TONE;100.0Hz;YES;Approximate;-22.511233;-43.177917;-3:00
19;Rio de Janeiro;Nova Friburgo;;PY1FCT C;PY1FCT G;145.410000;DUP-;0.600000;DV;OFF;88.5Hz;YES;Approximate;-22.355550;-42.588833;-3:00
19;Rio de Janeiro;Nova Friburgo;;PY1APG;;145.470000;DUP-;0.600000;FM;TONE;71.9Hz;YES;Approximate;-22.288717;-42.534033;-3:00
19;Rio de Janeiro;Nova Friburgo;;;;146.670000;DUP-;0.600000;FM;OFF;88.5Hz;YES;Approximate;-22.282283;-42.534183;-3:00
19;Rio de Janeiro;Nova Friburgo;;;;146.770000;DUP-;0.600000;FM;OFF;88.5Hz;YES;Approximate;-22.976667;-43.195083;-3:00
19;Rio de Janeiro;Nova Friburgo;;PY1RNF;;147.180000;DUP+;0.600000;FM;TONE;71.9Hz;YES;Approximate;-22.282283;-42.534183;-3:00
19;Rio de Janeiro;Nova Friburgo;;;;145.350000;DUP-;0.600000;FM;OFF;88.5Hz;YES;Approximate;-22.282283;-42.534183;-3:00
19;Rio de Janeiro;Nova Friburgo;;PY1GRA;;146.610000;DUP-;0.600000;FM;TONE;71.9Hz;YES;Approximate;-22.351217;-42.586467;-3:00
19;Rio de Janeiro;Nova Friburgo;;;;439.075000;DUP-;5.000000;FM;OFF;88.5Hz;YES;Approximate;-22.282283;-42.534183;-3:00
19;Rio de Janeiro;Nova Friburgo;MULTIMOD;PY1CRF B;PY1CRF G;439.275000;DUP-;5.000000;DV;OFF;88.5Hz;YES;Approximate;-22.282283;-42.534183;-3:00
19;Rio de Janeiro;Nova Friburgo;;;;439.900000;DUP-;5.000000;FM;OFF;88.5Hz;YES;Approximate;-22.282283;-42.534183;-3:00
19;Rio de Janeiro;Nova Friburgo;;;;439.500000;DUP-;5.000000;FM;TONE;100.0Hz;YES;Approximate;-22.529683;-42.984500;-3:00
19;Rio de Janeiro;Paraty;GRAM;PY1MBU;;145.230000;DUP-;0.600000;FM;OFF;88.5Hz;YES;Approximate;-23.216667;-44.717967;-3:00
19;Rio de Janeiro;Paraty;LABRE;PY1LAI;;439.050000;DUP-;5.000000;FM;OFF;88.5Hz;YES;Approximate;-23.216667;-44.717967;-3:00
19;Rio de Janeiro;Paty do Alferes;;;;439.200000;DUP-;5.000000;FM;OFF;88.5Hz;YES;Approximate;-22.383167;-43.376567;-3:00
19;Rio de Janeiro;Petropolis;;PY1CPG;;145.390000;DUP-;0.600000;FM;TONE;82.5Hz;YES;Approximate;-22.504100;-43.181900;-3:00
19;Rio de Janeiro;Petropolis;;PY1LRP;;147.330000;DUP+;0.600000;FM;TONE;71.9Hz;YES;Approximate;-22.504100;-43.181900;-3:00
19;Rio de Janeiro;Petropolis;;PY1AAF;;145.490000;DUP-;0.600000;FM;TONE;110.9Hz;YES;Approximate;-22.504100;-43.181900;-3:00
19;Rio de Janeiro;Petropolis;;PY1RRE;;439.325000;DUP-;5.000000;FM;TONE;100.0Hz;YES;Approximate;-22.504100;-43.181900;-3:00
19;Rio de Janeiro;Resende;;PY1EBU;;147.000000;DUP+;0.600000;FM;OFF;88.5Hz;YES;Approximate;-22.470500;-44.450500;-3:00
19;Rio de Janeiro;Resende;;;;147.300000;DUP+;0.600000;FM;TONE;192.8Hz;YES;Approximate;-22.470500;-44.450500;-3:00
19;Rio de Janeiro;Rio de Janeiro;;PY1CEU C;PY1GEU G;146.750000;DUP-;0.600000;DV;OFF;88.5Hz;YES;Approximate;-22.976667;-43.195083;-3:00
19;Rio de Janeiro;Rio de Janeiro;;;;146.810000;DUP-;0.600000;FM;OFF;88.5Hz;YES;Approximate;-22.976667;-43.195083;-3:00
19;Rio de Janeiro;Rio de Janeiro;;;;146.970000;DUP-;0.600000;FM;OFF;88.5Hz;YES;Approximate;-22.976667;-43.195083;-3:00
19;Rio de Janeiro;Rio de Janeiro;;PY1JPA;;146.730000;DUP-;0.600000;FM;TONE;88.5Hz;YES;Approximate;-22.968133;-43.390700;-3:00
19;Rio de Janeiro;Rio de Janeiro;;PY1ABA;;147.030000;DUP+;0.600000;FM;TONE;88.5Hz;YES;Approximate;-22.282283;-42.534183;-3:00
19;Rio de Janeiro;Rio de Janeiro;;PY1LAE;;146.890000;DUP-;0.600000;FM;TONE;100.0Hz;YES;Approximate;-22.799900;-43.502600;-3:00
19;Rio de Janeiro;Rio de Janeiro;;;;439.100000;DUP-;5.000000;FM;OFF;88.5Hz;YES;Approximate;-22.976667;-43.195083;-3:00
19;Rio de Janeiro;Rio de Janeiro;;;;439.350000;DUP-;5.000000;FM;OFF;88.5Hz;YES;Approximate;-22.976667;-43.195083;-3:00
19;Rio de Janeiro;Rio de Janeiro;;;;439.600000;DUP-;5.000000;FM;OFF;88.5Hz;YES;Approximate;-22.976667;-43.195083;-3:00
19;Rio de Janeiro;Rio de Janeiro;;;;439.900000;DUP-;5.000000;FM;OFF;88.5Hz;YES;Approximate;-22.976667;-43.195083;-3:00
19;Rio de Janeiro;S Pedro daAldeia;;PY1UEB;;147.240000;DUP+;0.600000;FM;OFF;88.5Hz;YES;Approximate;-22.880800;-43.103900;-3:00
19;Rio de Janeiro;Sao Fidelis;;;;147.390000;DUP+;0.600000;FM;OFF;88.5Hz;YES;Approximate;-21.642900;-41.758567;-3:00
19;Rio de Janeiro;Sao Goncalo;LABRE;;;146.630000;DUP-;0.600000;FM;TONE;100.0Hz;YES;Approximate;-22.796683;-43.039183;-3:00
19;Rio de Janeiro;Sao Joao dMeriti;;;;147.380000;DUP+;0.600000;FM;TONE;103.5Hz;YES;Approximate;-22.790800;-43.369933;-3:00
19;Rio de Janeiro;Saquarema;;;;147.060000;DUP+;0.600000;FM;OFF;88.5Hz;YES;Approximate;-22.930783;-42.496383;-3:00
19;Rio de Janeiro;Sta Maria Madal.;;;;146.810000;DUP-;0.600000;FM;TONE;100.0Hz;YES;Approximate;-21.970100;-41.999267;-3:00
19;Rio de Janeiro;Teresopolis;;;;146.630000;DUP-;0.600000;FM;OFF;88.5Hz;YES;Approximate;-22.412383;-42.966700;-3:00
19;Rio de Janeiro;Teresopolis;;PY1TPS;;146.650000;DUP-;0.600000;FM;TONE;69.3Hz;YES;Approximate;-22.412383;-42.966700;-3:00
19;Rio de Janeiro;Teresopolis;;;;147.090000;DUP+;0.600000;FM;TONE;67.0Hz;YES;Approximate;-22.412383;-42.966700;-3:00
19;Rio de Janeiro;Teresopolis;;PY1SVL;;146.830000;DUP-;0.600000;FM;TONE;100.0Hz;YES;Approximate;-22.529683;-42.984500;-3:00
19;Rio de Janeiro;Teresopolis;;;;439.650000;DUP-;5.000000;FM;TONE;100.0Hz;YES;Approximate;-22.412383;-42.966700;-3:00
19;Rio de Janeiro;Tres Rios;;;;147.180000;DUP+;0.600000;FM;OFF;88.5Hz;YES;Approximate;-22.118283;-43.209200;-3:00
19;Rio de Janeiro;Valenca;;;;146.910000;DUP-;0.600000;FM;OFF;88.5Hz;YES;Approximate;-22.246267;-43.703483;-3:00
19;Rio de Janeiro;Volta Redonda;;;;146.930000;DUP-;0.600000;FM;OFF;88.5Hz;YES;Approximate;-22.525483;-44.104800;-3:00
20;Rio Gr. do Norte;Acari;;;;145.470000;DUP-;0.600000;FM;OFF;88.5Hz;YES;Approximate;-6.049333;-37.032283;-3:00
20;Rio Gr. do Norte;Caico;;;;146.610000;DUP-;0.600000;FM;OFF;88.5Hz;YES;Approximate;-6.467150;-37.083983;-3:00
20;Rio Gr. do Norte;Campo Redondo;;;;146.190000;DUP+;0.600000;FM;OFF;88.5Hz;YES;Approximate;-6.268400;-36.177867;-3:00
20;Rio Gr. do Norte;Cerro Cora;;;;147.660000;DUP-;0.600000;FM;OFF;88.5Hz;YES;Approximate;-6.057400;-36.354900;-3:00
20;Rio Gr. do Norte;Joao Camara;;;;147.810000;DUP-;0.600000;FM;OFF;88.5Hz;YES;Approximate;-5.540517;-35.811400;-3:00
20;Rio Gr. do Norte;Martins;;;;146.370000;DUP+;0.600000;FM;OFF;88.5Hz;YES;Approximate;-6.113183;-37.930983;-3:00
20;Rio Gr. do Norte;Mossoro;;;;144.900000;DUP+;0.600000;FM;OFF;88.5Hz;YES;Approximate;-5.187950;-37.344100;-3:00
20;Rio Gr. do Norte;Natal;;;;145.290000;DUP-;0.600000;FM;OFF;88.5Hz;YES;Approximate;-6.057400;-36.354900;-3:00
20;Rio Gr. do Norte;Natal;;;;146.010000;DUP+;0.600000;FM;OFF;88.5Hz;YES;Approximate;-5.794767;-35.211200;-3:00
20;Rio Gr. do Norte;Serra de S Bento;;PS7GRN;;145.210000;DUP-;0.600000;FM;OFF;88.5Hz;YES;Approximate;-6.422150;-35.721083;-3:00
20;Rio Gr. do Norte;Serra do Mel;;;;146.210000;DUP+;0.600000;FM;OFF;88.5Hz;YES;Approximate;-5.208600;-37.055400;-3:00
21;Rio Gr. do Sul;Bento Goncalves;;;;145.270000;DUP-;0.600000;FM;OFF;88.5Hz;YES;Approximate;-29.174283;-51.518500;-3:00
21;Rio Gr. do Sul;Camaqua;;;;146.130000;DUP+;0.600000;FM;OFF;88.5Hz;YES;Approximate;-30.850200;-51.812500;-3:00
21;Rio Gr. do Sul;Candelaria;;;;437.750000;DUP-;5.000000;FM;OFF;88.5Hz;YES;Approximate;-29.681400;-52.798800;-3:00
21;Rio Gr. do Sul;Cangucu;;;;145.470000;DUP-;0.600000;FM;OFF;88.5Hz;YES;Approximate;-31.394567;-52.686000;-3:00
21;Rio Gr. do Sul;Cangucu;;;;147.750000;DUP-;0.600000;FM;OFF;88.5Hz;YES;Approximate;-31.394567;-52.686000;-3:00
21;Rio Gr. do Sul;Canoas;;;;147.050000;DUP+;0.600000;FM;OFF;88.5Hz;YES;Approximate;-29.828800;-51.144183;-3:00
21;Rio Gr. do Sul;Caxias do Sul;;;;147.740000;DUP-;0.600000;FM;OFF;88.5Hz;YES;Approximate;-29.167900;-51.179400;-3:00
21;Rio Gr. do Sul;Caxias do Sul;;;;147.900000;DUP-;0.600000;FM;OFF;88.5Hz;YES;Approximate;-29.167900;-51.179400;-3:00
21;Rio Gr. do Sul;Farroupilha;;;;146.390000;DUP+;0.600000;FM;OFF;88.5Hz;YES;Approximate;-29.224567;-51.351000;-3:00
21;Rio Gr. do Sul;Flores da Cunha;;;;146.090000;DUP+;0.600000;FM;OFF;88.5Hz;YES;Approximate;-29.030883;-51.191600;-3:00
21;Rio Gr. do Sul;Flores da Cunha;;;;146.150000;DUP+;0.600000;FM;OFF;88.5Hz;YES;Approximate;-29.030883;-51.191600;-3:00
21;Rio Gr. do Sul;Gramado;;;;146.610000;DUP-;0.600000;FM;OFF;88.5Hz;YES;Approximate;-29.368700;-50.878383;-3:00
21;Rio Gr. do Sul;Ibiruba;;;;146.690000;DUP-;0.600000;FM;OFF;88.5Hz;YES;Approximate;-28.628967;-53.078967;-3:00
21;Rio Gr. do Sul;Igrejinha;;;;439.500000;DUP-;5.000000;FM;OFF;88.5Hz;YES;Approximate;-29.574367;-50.787783;-3:00
21;Rio Gr. do Sul;Porto Alegre;;;;439.100000;DUP-;5.000000;FM;TONE;123.0Hz;YES;Approximate;-30.034267;-51.228000;-3:00
21;Rio Gr. do Sul;Riozinho;;;;146.210000;DUP+;0.600000;FM;OFF;88.5Hz;YES;Approximate;-29.616500;-50.461883;-3:00
21;Rio Gr. do Sul;Riozinho;;;;439.700000;DUP-;5.000000;FM;OFF;88.5Hz;YES;Approximate;-29.616500;-50.461883;-3:00
21;Rio Gr. do Sul;Sao Jeronimo;;;;147.690000;DUP-;0.600000;FM;OFF;88.5Hz;YES;Approximate;-29.958583;-51.722300;-3:00
21;Rio Gr. do Sul;Sao Leopoldo;;PY3KDA B;PY3KDA G;439.450000;DUP-;5.000000;DV;OFF;88.5Hz;YES;Approximate;-29.735167;-51.169667;-3:00
21;Rio Gr. do Sul;Serio;;;;147.820000;DUP-;0.600000;FM;OFF;88.5Hz;YES;Approximate;-29.383367;-52.224483;-3:00
21;Rio Gr. do Sul;Sta Cruz do Sul;;;;145.290000;DUP-;0.600000;FM;OFF;88.5Hz;YES;Approximate;-29.713100;-52.430183;-3:00
21;Rio Gr. do Sul;Sta Cruz do Sul;;;;145.470000;DUP-;0.600000;FM;OFF;88.5Hz;YES;Approximate;-29.713100;-52.430183;-3:00
21;Rio Gr. do Sul;Teutonia;;;;146.250000;DUP+;0.600000;FM;TONE;67.0Hz;YES;Approximate;-29.449100;-51.813200;-3:00
21;Rio Gr. do Sul;Viamao;;;;146.830000;DUP-;0.600000;FM;TONE;123.0Hz;YES;Approximate;-30.088367;-51.023200;-3:00
21;Rio Gr. do Sul;Vila Nova do Sul;;;;439.150000;DUP-;5.000000;FM;OFF;88.5Hz;YES;Approximate;-29.030883;-51.191600;-3:00
22;Rondonia;Porto Velho;;;;146.970000;DUP-;0.600000;FM;OFF;88.5Hz;YES;Approximate;-8.761650;-63.902000;-4:00
23;Roraima;Boa Vista;;;;146.340000;DUP+;0.600000;FM;OFF;88.5Hz;YES;Approximate;2.819400;-60.671367;-4:00
24;Santa Catarina;Ararangua;;;;145.490000;DUP-;0.600000;FM;TONE;88.5Hz;YES;Approximate;-29.052600;-49.795700;-3:00
24;Santa Catarina;Aurora;;;;145.470000;DUP-;0.600000;FM;TONE;100.0Hz;YES;Approximate;-27.313433;-49.636317;-3:00
24;Santa Catarina;Blumenau;;;;145.450000;DUP-;0.600000;FM;OFF;88.5Hz;YES;Approximate;-26.919200;-49.065883;-3:00
24;Santa Catarina;Blumenau;;PP5REU;;147.390000;DUP+;0.600000;FM;TONE;100.0Hz;YES;Approximate;-26.919200;-49.065883;-3:00
24;Santa Catarina;Blumenau;;;;147.180000;DUP+;0.600000;FM;TONE;100.0Hz;YES;Approximate;-26.919200;-49.065883;-3:00
24;Santa Catarina;Blumenau;;;;439.100000;DUP-;5.000000;FM;OFF;88.5Hz;YES;Approximate;-26.919200;-49.065883;-3:00
24;Santa Catarina;Blumenau;;PP5UMC;;439.500000;DUP-;5.000000;FM;TONE;100.0Hz;YES;Approximate;-26.919200;-49.065883;-3:00
24;Santa Catarina;Bom Retiro;;;;146.050000;DUP+;0.600000;FM;OFF;88.5Hz;YES;Approximate;-26.923900;-49.362883;-3:00
24;Santa Catarina;Bom Retiro;;;;146.610000;DUP-;0.600000;FM;OFF;88.5Hz;YES;Approximate;-26.923900;-49.362883;-3:00
24;Santa Catarina;Bom Retiro;;;;439.600000;DUP-;5.000000;FM;OFF;88.5Hz;YES;Approximate;-26.923900;-49.362883;-3:00
24;Santa Catarina;Brusque;;;;146.730000;DUP-;0.600000;FM;OFF;88.5Hz;YES;Approximate;-27.098600;-48.918383;-3:00
24;Santa Catarina;Brusque;;;;147.900000;DUP-;0.600000;FM;OFF;88.5Hz;YES;Approximate;-27.098600;-48.918383;-3:00
24;Santa Catarina;Cacador;;;;147.690000;DUP-;0.600000;FM;OFF;88.5Hz;YES;Approximate;-26.788600;-51.028083;-3:00
24;Santa Catarina;Campo Alegre;;;;145.310000;DUP-;0.600000;FM;OFF;88.5Hz;YES;Approximate;-26.193500;-49.265567;-3:00
24;Santa Catarina;Correia Pinto;;;;146.150000;DUP+;0.600000;FM;OFF;88.5Hz;YES;Approximate;-27.587083;-50.366400;-3:00
24;Santa Catarina;Criciuma;;;;145.210000;DUP-;0.600000;FM;OFF;88.5Hz;YES;Approximate;-28.677983;-49.371600;-3:00
24;Santa Catarina;Florianopolis;;;;145.350000;DUP-;0.600000;FM;TONE;88.5Hz;YES;Approximate;-27.587200;-48.533267;-3:00
24;Santa Catarina;Florianopolis;;;;146.870000;DUP-;0.600000;FM;TONE;88.5Hz;YES;Approximate;-27.612167;-48.485267;-3:00
24;Santa Catarina;Garuva;;;;146.220000;DUP+;0.600000;FM;TONE;100.0Hz;YES;Approximate;-26.026567;-48.854983;-3:00
24;Santa Catarina;Garuva;;;;439.800000;DUP-;5.000000;FM;OFF;88.5Hz;YES;Approximate;-26.026567;-48.854983;-3:00
24;Santa Catarina;Gov. Celso Ramos;;;;147.100000;DUP+;0.600000;FM;OFF;88.5Hz;YES;Approximate;-27.315383;-48.558783;-3:00
24;Santa Catarina;Imbituba;;;;146.610000;DUP-;0.600000;FM;OFF;88.5Hz;YES;Approximate;-28.237400;-48.671683;-3:00
24;Santa Catarina;Itaiopolis;;;;146.690000;DUP-;0.600000;FM;OFF;88.5Hz;YES;Approximate;-26.270500;-49.919300;-3:00
24;Santa Catarina;Itaiopolis;;;;439.750000;DUP-;5.000000;FM;OFF;88.5Hz;YES;Approximate;-26.270500;-49.919300;-3:00
24;Santa Catarina;Itajai;;;;145.270000;DUP-;0.600000;FM;OFF;88.5Hz;YES;Approximate;-26.908300;-48.662600;-3:00
24;Santa Catarina;Itajai;;;;146.190000;DUP+;0.600000;FM;OFF;88.5Hz;YES;Approximate;-26.908300;-48.662600;-3:00
24;Santa Catarina;Itajai;;;;147.870000;DUP-;0.600000;FM;OFF;88.5Hz;YES;Approximate;-26.908300;-48.662600;-3:00
24;Santa Catarina;Itajai;;;;438.270000;DUP-;5.000000;FM;OFF;88.5Hz;YES;Approximate;-27.025400;-48.654700;-3:00
24;Santa Catarina;Jaragua do Sul;;;;146.950000;DUP-;0.600000;FM;OFF;88.5Hz;YES;Approximate;-26.484367;-49.068083;-3:00
24;Santa Catarina;Joinville;;;;147.000000;DUP+;0.600000;FM;OFF;88.5Hz;YES;Approximate;-26.305783;-48.846000;-3:00
24;Santa Catarina;Joinville;;;;145.430000;DUP-;0.600000;FM;OFF;88.5Hz;YES;Approximate;-26.305783;-48.846000;-3:00
24;Santa Catarina;Joinville;;;;439.900000;DUP-;5.000000;FM;OFF;88.5Hz;YES;Approximate;-26.305783;-48.846000;-3:00
24;Santa Catarina;Laguna;;;;147.030000;DUP+;0.600000;FM;TONE;88.5Hz;YES;Approximate;-28.474800;-48.783767;-3:00
24;Santa Catarina;Mafra;Restinga;PP5MAF;;146.890000;DUP-;0.600000;FM;TONE;110.9Hz;YES;Exact;-26.125583;-49.823683;-3:00
24;Santa Catarina;Mirim Doce;;;;147.900000;DUP-;0.600000;FM;OFF;88.5Hz;YES;Approximate;-27.188667;-50.131083;-3:00
24;Santa Catarina;Mirim Doce;;;;147.060000;DUP+;0.600000;FM;TONE;136.5Hz;YES;Approximate;-27.273883;-50.129467;-3:00
24;Santa Catarina;Mirim Doce;;;;147.330000;DUP+;0.600000;FM;TONE;123.0Hz;YES;Approximate;-27.188667;-50.131083;-3:00
24;Santa Catarina;Nova Trento;;;;147.000000;DUP+;0.600000;FM;OFF;88.5Hz;YES;Approximate;-27.286167;-48.929683;-3:00
24;Santa Catarina;Pescaria Brava;;;;146.760000;DUP-;0.600000;FM;TONE;88.5Hz;YES;Approximate;-28.482583;-48.781500;-3:00
24;Santa Catarina;Pomerode;;;;146.320000;DUP+;0.600000;FM;OFF;88.5Hz;YES;Approximate;-26.740800;-49.175883;-3:00
24;Santa Catarina;Pomerode;;;;439.000000;DUP-;5.000000;FM;TONE;67.0Hz;YES;Approximate;-26.740800;-49.175883;-3:00
24;Santa Catarina;Presid. Getulio;;;;146.370000;DUP+;0.600000;FM;OFF;88.5Hz;YES;Approximate;-27.069267;-49.692183;-3:00
24;Santa Catarina;Rancho Queimado;;;;147.360000;DUP+;0.600000;FM;TONE;88.5Hz;YES;Approximate;-27.680967;-49.005900;-3:00
24;Santa Catarina;Rancho Queimado;;;;147.210000;DUP+;0.600000;FM;TONE;131.8Hz;YES;Approximate;-27.695733;-49.142700;-3:00
24;Santa Catarina;Rio do Sul;Centro;;;147.720000;DUP-;0.600000;FM;OFF;88.5Hz;YES;Approximate;-27.214500;-49.643500;-3:00
24;Santa Catarina;Rio do Sul;Morro;;;145.230000;DUP-;0.600000;FM;TONE;88.5Hz;YES;Exact;-27.217817;-49.672583;-3:00
24;Santa Catarina;Rio do Sul;Morro;;;145.390000;DUP-;0.600000;FM;TONE;123.0Hz;YES;Exact;-27.217817;-49.672583;-3:00
24;Santa Catarina;Rio do Sul;Morro;;;439.300000;DUP-;5.000000;FM;TONE;203.5Hz;YES;Exact;-27.217817;-49.672583;-3:00
24;Santa Catarina;Rodeio;Morro;;;147.120000;DUP+;0.600000;FM;TONE;100.0Hz;YES;Exact;-26.867767;-49.401050;-3:00
24;Santa Catarina;Sao Bento do Sul;;;;147.840000;DUP-;0.600000;FM;OFF;88.5Hz;YES;Approximate;-26.253200;-49.381683;-3:00
24;Santa Catarina;Sao Bento do Sul;;;;438.750000;DUP-;5.000000;FM;OFF;88.5Hz;YES;Approximate;-26.253200;-49.381683;-3:00
24;Santa Catarina;Sao Joao Batista;;;;146.250000;DUP+;0.600000;FM;OFF;88.5Hz;YES;Approximate;-27.316467;-48.884600;-3:00
24;Santa Catarina;Sao Jose;;;;147.330000;DUP+;0.600000;FM;TONE;67.0Hz;YES;Approximate;-27.548067;-48.639267;-3:00
24;Santa Catarina;Sao Jose;;;;439.050000;DUP-;5.000000;FM;TONE;100.0Hz;YES;Approximate;-27.611400;-48.636283;-3:00
24;Santa Catarina;Taio;;;;147.150000;DUP+;0.600000;FM;TONE;123.0Hz;YES;Approximate;-27.120817;-50.037200;-3:00
24;Santa Catarina;Urussanga;;;;145.410000;DUP-;0.600000;FM;OFF;88.5Hz;YES;Approximate;-28.534267;-49.319000;-3:00
25;Sao Paulo;Aguas da Prata;;PY2KSS;;145.370000;DUP-;0.600000;FM;TONE;82.5Hz;YES;Approximate;-21.951333;-46.743667;-3:00
25;Sao Paulo;Aguas da Prata;;PY2KSS;;439.000000;DUP-;5.000000;FM;TONE;82.5Hz;YES;Approximate;-21.951333;-46.743667;-3:00
25;Sao Paulo;Altinopolis;;PY2KBT B;PY2KBT G;439.725000;DUP-;5.000000;DV;OFF;88.5Hz;YES;Approximate;-21.024067;-47.374067;-3:00
25;Sao Paulo;Altinopolis;;;;146.930000;DUP-;0.600000;FM;TONE;123.0Hz;YES;Approximate;-21.024067;-47.374067;-3:00
25;Sao Paulo;Americana;;PY2KJZ;;146.770000;DUP-;0.600000;FM;TONE;74.4Hz;YES;Approximate;-22.739267;-47.331900;-3:00
25;Sao Paulo;Americana;;PY2KJF;;439.550000;DUP-;5.000000;FM;TONE;74.4Hz;YES;Approximate;-22.739267;-47.331900;-3:00
25;Sao Paulo;Amparo;;;;145.470000;DUP-;0.600000;FM;OFF;88.5Hz;YES;Approximate;-22.701583;-46.764400;-3:00
25;Sao Paulo;Amparo;;;;146.930000;DUP-;0.600000;FM;TONE;123.0Hz;YES;Approximate;-22.660150;-46.753250;-3:00
25;Sao Paulo;Araraquara;;;;146.690000;DUP-;0.600000;FM;TONE;77.0Hz;YES;Approximate;-21.778717;-48.180217;-3:00
25;Sao Paulo;Araras;;PY2KAW;;146.890000;DUP-;0.600000;FM;TONE;77.0Hz;YES;Approximate;-22.358200;-47.384967;-3:00
25;Sao Paulo;Araras;;PY2KAW;;439.275000;DUP-;5.000000;FM;TONE;77.0Hz;YES;Approximate;-22.360433;-47.379783;-3:00
25;Sao Paulo;Artur Nogueira;;PY2KCA C;PY2KCA G;145.230000;DUP-;0.600000;DV;OFF;88.5Hz;YES;Approximate;-22.573200;-47.173083;-3:00
25;Sao Paulo;Atibaia;ANALOGIC;PY2KJP;;439.675000;DUP-;5.000000;FM;TSQL;91.5Hz;YES;Exact;-23.122667;-46.504000;-3:00
25;Sao Paulo;Atibaia;;PY2KJP B;PY2KJP G;439.675000;DUP-;5.000000;DV;OFF;88.5Hz;YES;Exact;-23.122667;-46.504000;-3:00
25;Sao Paulo;Bauru;;PY2KAH;;146.850000;DUP-;0.600000;FM;OFF;88.5Hz;YES;Approximate;-22.315383;-49.061500;-3:00
25;Sao Paulo;Bauru;;PY2KDA B;PY2KDA G;439.450000;DUP-;5.000000;DV;OFF;88.5Hz;YES;Approximate;-22.538833;-49.076167;-3:00
25;Sao Paulo;Bauru;;PY2KDE;;147.180000;DUP+;0.600000;FM;TONE;77.0Hz;YES;Approximate;-22.358200;-49.077800;-3:00
25;Sao Paulo;Birigui;;;;147.300000;DUP+;0.600000;FM;TONE;100.0Hz;YES;Approximate;-21.303483;-50.382300;-3:00
25;Sao Paulo;Botucatu;;PY2KDK;;145.450000;DUP-;0.600000;FM;TONE;77.0Hz;YES;Approximate;-22.893333;-48.488933;-3:00
25;Sao Paulo;Botucatu;;PY2KDL;;439.400000;DUP-;5.000000;FM;TONE;77.0Hz;YES;Approximate;-22.893333;-48.488933;-3:00
25;Sao Paulo;Botucatu;;PY2BJO;;439.650000;DUP-;5.000000;FM;TONE;123.0Hz;YES;Approximate;-22.893333;-48.488933;-3:00
25;Sao Paulo;Braganca Paulist;;PY2KGL;;439.975000;DUP-;5.000000;FM;TONE;91.5Hz;YES;Approximate;-22.928600;-46.477183;-3:00
25;Sao Paulo;Cabreuva;;PY2KSC;;145.270000;DUP-;0.600000;FM;TONE;123.0Hz;YES;Approximate;-23.305900;-47.131900;-3:00
25;Sao Paulo;Cabreuva;HIBRIDA;;;146.670000;DUP-;0.600000;FM;TSQL;71.9Hz;YES;Approximate;-23.305900;-47.131900;-3:00
25;Sao Paulo;Cabreuva;;;;146.970000;DUP-;0.600000;FM;TONE;123.0Hz;YES;Approximate;-23.305900;-47.131900;-3:00
25;Sao Paulo;Cabreuva;;;;439.750000;DUP-;5.000000;FM;TONE;123.0Hz;YES;Approximate;-23.305900;-47.131900;-3:00
25;Sao Paulo;Cajati;;PY2KEV;;145.470000;DUP-;0.600000;FM;TONE;123.0Hz;YES;Approximate;-24.730017;-48.108233;-3:00
25;Sao Paulo;Campinas;;PY2KAA;;146.870000;DUP-;0.600000;FM;TONE;82.5Hz;YES;Approximate;-22.890300;-47.166667;-3:00
25;Sao Paulo;Campinas;;PY2TIA B;PY2TIA G;439.600000;DUP-;5.000000;DV;OFF;88.5Hz;YES;Approximate;-22.871383;-47.049167;-3:00
25;Sao Paulo;Campinas;;PY2KKK;;439.500000;DUP-;5.000000;FM;TONE;82.5Hz;YES;Approximate;-22.890300;-47.166667;-3:00
25;Sao Paulo;Campinas;;PY2KFI;;439.800000;DUP-;5.000000;FM;TONE;79.7Hz;YES;Approximate;-22.890300;-47.166667;-3:00
25;Sao Paulo;Campos do Jordao;;PY2KAS;;439.225000;DUP-;5.000000;FM;TONE;79.7Hz;YES;Approximate;-22.738167;-45.584833;-3:00
25;Sao Paulo;Cubatao;;;;146.770000;DUP-;0.600000;FM;OFF;88.5Hz;YES;Approximate;-23.892583;-46.428183;-3:00
25;Sao Paulo;Duartina;;PY2KGI;;146.770000;DUP-;0.600000;FM;TONE;77.0Hz;YES;Approximate;-22.425817;-49.410533;-3:00
25;Sao Paulo;Duartina;;PY2KJH;;439.150000;DUP-;5.000000;FM;TONE;88.5Hz;YES;Approximate;-22.425817;-49.410533;-3:00
25;Sao Paulo;ES do Pinhal;;;;145.490000;DUP-;0.600000;FM;TONE;88.5Hz;YES;Approximate;-22.194083;-46.750767;-3:00
25;Sao Paulo;Fartura;;;;145.370000;DUP-;0.600000;FM;OFF;88.5Hz;YES;Approximate;-23.392200;-49.516967;-3:00
25;Sao Paulo;Fartura;;;;439.950000;DUP-;5.000000;FM;OFF;88.5Hz;YES;Approximate;-23.392200;-49.516967;-3:00
25;Sao Paulo;Fernandopolis;;PY2KQV;;147.270000;DUP+;0.600000;FM;TONE;100.0Hz;YES;Approximate;-20.303667;-50.244500;-3:00
25;Sao Paulo;Garca;;PY2KEA;;439.975000;DUP-;5.000000;FM;TONE;77.0Hz;YES;Approximate;-22.222217;-49.710250;-3:00
25;Sao Paulo;Guaratingueta;;;;146.850000;DUP-;0.600000;FM;OFF;88.5Hz;YES;Approximate;-22.817167;-45.197283;-3:00
25;Sao Paulo;Guariba;;PY2KCG;;145.290000;DUP-;0.600000;FM;TONE;123.0Hz;YES;Approximate;-21.362333;-48.228000;-3:00
25;Sao Paulo;Indaiatuba;;PY2KBF;;147.060000;DUP+;0.600000;FM;TONE;88.5Hz;YES;Approximate;-23.087200;-47.222300;-3:00
25;Sao Paulo;Ipaussu;;;;145.310000;DUP-;0.600000;FM;OFF;88.5Hz;YES;Approximate;-23.054100;-49.621383;-3:00
25;Sao Paulo;Itapec. da Serra;;PY2KBX;;146.610000;DUP-;0.600000;FM;TONE;123.0Hz;YES;Approximate;-23.717883;-46.848700;-3:00
25;Sao Paulo;Itapeva;;PY2KRU;;439.400000;DUP-;5.000000;FM;TONE;123.0Hz;YES;Approximate;-23.888500;-48.917667;-3:00
25;Sao Paulo;Itapevi;;PY2KBH C;PY2KBH G;145.430000;DUP-;0.600000;DV;OFF;88.5Hz;YES;Approximate;-23.541967;-46.925200;-3:00
25;Sao Paulo;Itatinga;;PY2KAD;;145.350000;DUP-;0.600000;FM;TONE;77.0Hz;YES;Approximate;-23.079133;-48.472667;-3:00
25;Sao Paulo;Jaboticabal;;;;145.430000;DUP-;0.600000;FM;TONE;100.0Hz;YES;Approximate;-21.255500;-48.322200;-3:00
25;Sao Paulo;Jau;;PY2KCJ;;147.000000;DUP+;0.600000;FM;OFF;88.5Hz;YES;Approximate;-22.334983;-48.551917;-3:00
25;Sao Paulo;Joanopolis;;PY2KGV C;PY2KGV G;145.310000;DUP-;0.600000;DV;OFF;88.5Hz;YES;Approximate;-22.888583;-46.321933;-3:00
25;Sao Paulo;Joanopolis;ANALOGIC;PY2KGV;;145.310000;DUP-;0.600000;FM;TSQL;91.5Hz;YES;Approximate;-22.888583;-46.321933;-3:00
25;Sao Paulo;Joanopolis;;PY2KGV B;PY2KGV G;439.350000;DUP-;5.000000;DV;OFF;88.5Hz;YES;Approximate;-22.888583;-46.321933;-3:00
25;Sao Paulo;Joanopolis;ANALOGIC;PY2KGV;;439.350000;DUP-;5.000000;FM;TSQL;91.5Hz;YES;Approximate;-22.888583;-46.321933;-3:00
25;Sao Paulo;Jundiai;;PY2KDO;;147.330000;DUP+;0.600000;FM;TONE;74.4Hz;YES;Approximate;-23.199800;-46.880683;-3:00
25;Sao Paulo;Jundiai;;;;438.500000;DUP-;5.000000;FM;TONE;74.4Hz;YES;Approximate;-23.199800;-46.880683;-3:00
25;Sao Paulo;Limeira;;PY2APU;;439.700000;DUP-;5.000000;FM;TONE;85.4Hz;YES;Approximate;-22.564800;-47.402667;-3:00
25;Sao Paulo;Lins;;;;145.210000;DUP-;0.600000;FM;OFF;88.5Hz;YES;Approximate;-21.685400;-49.743800;-3:00
25;Sao Paulo;Lins;;;;146.830000;DUP-;0.600000;FM;TONE;77.0Hz;YES;Approximate;-21.685400;-49.743800;-3:00
25;Sao Paulo;Mairipora;;PY2KRJ C;PY2KRJ G;147.180000;DUP+;0.600000;DV;OFF;88.5Hz;YES;Approximate;-23.317867;-46.587200;-3:00
25;Sao Paulo;Mairipora;;PY2LSP;;145.250000;DUP-;0.600000;FM;TONE;123.0Hz;YES;Approximate;-23.317833;-46.587167;-3:00
25;Sao Paulo;Mairipora;;;;146.750000;DUP-;0.600000;FM;OFF;88.5Hz;YES;Approximate;-23.317867;-46.587200;-3:00
25;Sao Paulo;Mairipora;;;;146.850000;DUP-;0.600000;FM;OFF;88.5Hz;YES;Approximate;-23.317867;-46.587200;-3:00
25;Sao Paulo;Mairipora;;PY2APU;;147.030000;DUP+;0.600000;FM;TONE;127.3Hz;YES;Approximate;-23.318233;-46.585783;-3:00
25;Sao Paulo;Mairipora;;;;439.500000;DUP-;5.000000;FM;OFF;88.5Hz;YES;Approximate;-23.317867;-46.587200;-3:00
25;Sao Paulo;Mairipora;;;;439.700000;DUP-;5.000000;FM;TONE;67.0Hz;YES;Approximate;-23.318233;-46.585783;-3:00
25;Sao Paulo;Marilia;;;;146.810000;DUP-;0.600000;FM;OFF;88.5Hz;YES;Approximate;-22.220167;-49.947467;-3:00
25;Sao Paulo;Maua;;;;146.670000;DUP-;0.600000;FM;OFF;88.5Hz;YES;Approximate;-23.664300;-46.458167;-3:00
25;Sao Paulo;Mococa;;PY2KCH C;PY2KCH G;146.850000;DUP-;0.600000;DV;OFF;88.5Hz;YES;Approximate;-21.474433;-47.003883;-3:00
25;Sao Paulo;Mogi das Cruzes;;PY2KMX;;146.730000;DUP-;0.600000;FM;TONE;141.3Hz;YES;Approximate;-23.485767;-46.208667;-3:00
25;Sao Paulo;Mogi das Cruzes;;PY2KES;;145.490000;DUP-;0.600000;FM;TONE;100.0Hz;YES;Approximate;-23.493333;-46.196383;-3:00
25;Sao Paulo;Mogi das Cruzes;;PY2KES B;PY2KES G;439.300000;DUP-;5.000000;DV;OFF;88.5Hz;YES;Approximate;-23.490533;-46.205833;-3:00
25;Sao Paulo;Mogi das Cruzes;;PY2KPM;;439.275000;DUP-;5.000000;FM;TONE;127.3Hz;YES;Approximate;-23.532867;-46.202983;-3:00
25;Sao Paulo;Mogi Mirim;;;;146.710000;DUP-;0.600000;FM;TONE;82.5Hz;YES;Approximate;-22.401633;-46.944533;-3:00
25;Sao Paulo;Nazare Paulista;;;;438.790000;DUP-;5.000000;FM;OFF;88.5Hz;YES;Approximate;-23.178400;-46.397567;-3:00
25;Sao Paulo;Nazare Paulista;;PY2KEP;;439.875000;DUP-;5.000000;FM;TONE;123.0Hz;YES;Approximate;-23.317867;-46.587200;-3:00
25;Sao Paulo;Paraibuna;;PY2KCR C;PY2KCR G;147.090000;DUP+;0.600000;DV;OFF;88.5Hz;YES;Approximate;-23.509433;-45.679133;-3:00
25;Sao Paulo;Paraibuna;;PY2KCR;;145.450000;DUP-;0.600000;FM;TONE;67.0Hz;YES;Approximate;-23.383683;-45.661383;-3:00
25;Sao Paulo;Parelheiros;;PY2RCA;;147.390000;DUP+;0.600000;FM;TONE;123.0Hz;YES;Approximate;-23.830550;-46.739433;-3:00
25;Sao Paulo;Pardinho;;;;147.150000;DUP+;0.600000;FM;TONE;77.0Hz;YES;Approximate;-23.062517;-48.484000;-3:00
25;Sao Paulo;Piedade;;PY2KPP;;145.410000;DUP-;0.600000;FM;TONE;123.0Hz;YES;Approximate;-23.813983;-47.461067;-3:00
25;Sao Paulo;Pindamonhangaba;;PY2KAS C;PY2KAS G;146.930000;DUP-;0.600000;DV;OFF;88.5Hz;YES;Approximate;-22.768333;-45.517733;-3:00
25;Sao Paulo;Pindamonhangaba;;;;146.790000;DUP-;0.600000;FM;OFF;88.5Hz;YES;Approximate;-23.649467;-47.573383;-3:00
25;Sao Paulo;Pindamonhangaba;;PY2KAS;;146.890000;DUP-;0.600000;FM;TONE;79.7Hz;YES;Approximate;-22.930000;-45.462100;-3:00
25;Sao Paulo;Pindamonhangaba;;PY2KAS U;;439.850000;DUP-;5.000000;FM;TONE;79.7Hz;YES;Approximate;-22.930000;-45.462100;-3:00
25;Sao Paulo;Piquete;;;;146.710000;DUP-;0.600000;FM;OFF;88.5Hz;YES;Approximate;-22.617700;-45.172267;-3:00
25;Sao Paulo;Piquete;;;;147.150000;DUP+;0.600000;FM;OFF;88.5Hz;YES;Approximate;-22.617700;-45.172267;-3:00
25;Sao Paulo;Piracicaba;;PY2KGD;;146.630000;DUP-;0.600000;FM;TONE;77.0Hz;YES;Approximate;-22.725383;-47.647800;-3:00
25;Sao Paulo;Piraju;;PY2KAG;;145.490000;DUP-;0.600000;FM;TONE;88.5Hz;YES;Approximate;-23.194200;-49.384783;-3:00
25;Sao Paulo;Porto Feliz;;;;147.390000;DUP+;0.600000;FM;OFF;88.5Hz;YES;Approximate;-23.214700;-47.523783;-3:00
25;Sao Paulo;Porto Feliz;;;;147.090000;DUP+;0.600000;FM;TONE;110.9Hz;YES;Approximate;-23.214700;-47.523783;-3:00
25;Sao Paulo;Ribeirao Preto;;PY2KIK C;PY2KIK G;147.240000;DUP+;0.600000;DV;OFF;88.5Hz;YES;Approximate;-21.144167;-47.838867;-3:00
25;Sao Paulo;Ribeirao Preto;;;;146.670000;DUP-;0.600000;FM;TONE;82.5Hz;YES;Approximate;-21.177000;-47.838883;-3:00
25;Sao Paulo;Santa Salete;;PY2STS;;439.850000;DUP-;5.000000;FM;TONE;100.0Hz;YES;Approximate;-20.224167;-50.685667;-3:00
25;Sao Paulo;Santo Andre;;;;145.390000;DUP-;0.600000;FM;OFF;88.5Hz;YES;Approximate;-23.698983;-46.507083;-3:00
25;Sao Paulo;Santo Andre;;PY2KSA;;439.600000;DUP-;5.000000;FM;TONE;123.0Hz;YES;Approximate;-23.698983;-46.507083;-3:00
25;Sao Paulo;Santos;;;;439.725000;DUP-;5.000000;FM;TONE;123.0Hz;YES;Approximate;-23.964833;-46.362167;-3:00
25;Sao Paulo;Santos;;PY2KFG;;146.630000;DUP-;0.600000;FM;TONE;123.0Hz;YES;Approximate;-23.964833;-46.362667;-3:00
25;Sao Paulo;Santos;;PY2MRC B;PY2MRC G;438.850000;DUP-;5.000000;DV;OFF;88.5Hz;YES;Approximate;-23.961700;-46.328067;-3:00
25;Sao Paulo;Sao Carlos;;;;146.790000;DUP-;0.600000;FM;OFF;88.5Hz;YES;Approximate;-22.253583;-47.822383;-3:00
25;Sao Paulo;Sao Carlos;;;;146.650000;DUP-;0.600000;FM;TONE;77.0Hz;YES;Approximate;-22.014600;-47.890800;-3:00
25;Sao Paulo;Sao Jose R Pardo;;PY2KPD;;146.970000;DUP-;0.600000;FM;TONE;74.4Hz;YES;Approximate;-21.595500;-46.888167;-3:00
25;Sao Paulo;Sao Jose R Pardo;;PY2KID B;PY2KID G;439.650000;DUP-;5.000000;DV;OFF;88.5Hz;YES;Approximate;-21.595550;-46.888200;-3:00
25;Sao Paulo;Sao Jode R Preto;;PY2KPC;;147.360000;DUP+;0.600000;FM;TONE;123.0Hz;YES;Approximate;-20.819333;-49.371500;-3:00
25;Sao Paulo;Sao Jode R Preto;;PY2KPG;;147.030000;DUP+;0.600000;FM;TONE;100.0Hz;YES;Approximate;-20.819333;-49.371500;-3:00
25;Sao Paulo;Sao Manuel;;PY2IBT;;147.210000;DUP+;0.600000;FM;TONE;77.0Hz;YES;Approximate;-22.733600;-48.628050;-3:00
25;Sao Paulo;Sao Paulo;;;;146.690000;DUP-;0.600000;FM;OFF;88.5Hz;YES;Approximate;-23.562900;-46.654700;-3:00
25;Sao Paulo;Sao Paulo;;;;146.730000;DUP-;0.600000;FM;TONE;77.0Hz;YES;Approximate;-22.548967;-47.914600;-3:00
25;Sao Paulo;Sao Paulo;;PY2KNF;;147.270000;DUP+;0.600000;FM;TONE;67.0Hz;YES;Approximate;-23.257400;-46.435000;-3:00
25;Sao Paulo;Sao Paulo;;;;145.250000;DUP-;0.600000;FM;TONE;123.0Hz;YES;Approximate;-23.555767;-46.639533;-3:00
25;Sao Paulo;Sao Paulo;;PY2KPE B;PY2KPE G;439.925000;DUP-;5.000000;DV;OFF;88.5Hz;YES;Approximate;-23.317750;-46.587200;-3:00
25;Sao Paulo;Sao Paulo;;;;439.725000;DUP-;5.000000;FM;TONE;77.0Hz;YES;Approximate;-23.562900;-46.654700;-3:00
25;Sao Paulo;Sao Paulo;;;;439.400000;DUP-;5.000000;FM;TONE;74.4Hz;YES;Approximate;-23.562900;-46.654700;-3:00
25;Sao Paulo;Sao Paulo;;PY2KMA;;439.475000;DUP-;5.000000;FM;TONE;67.0Hz;YES;Approximate;-23.562900;-46.654700;-3:00
25;Sao Paulo;Sao Paulo;;PY2KRB;;439.050000;DUP-;5.000000;FM;TONE;67.0Hz;YES;Approximate;-23.416400;-46.708033;-3:00
25;Sao Paulo;Sao Paulo;;;;439.700000;DUP-;5.000000;FM;TONE;67.0Hz;YES;Approximate;-23.562900;-46.654700;-3:00
25;Sao Paulo;Sao Paulo;;;;439.575000;DUP-;5.000000;FM;TONE;127.3Hz;YES;Approximate;-23.555767;-46.639533;-3:00
25;Sao Paulo;Sao Paulo;;PY2KPE;;439.650000;DUP-;5.000000;FM;TONE;123.0Hz;YES;Approximate;-23.562900;-46.654700;-3:00
25;Sao Paulo;Sao Paulo;;PY2KSM;;439.200000;DUP-;5.000000;FM;TONE;123.0Hz;YES;Approximate;-23.562900;-46.654700;-3:00
25;Sao Paulo;Sao Pedro;;PY2KDV;;146.730000;DUP-;0.600000;FM;TONE;77.0Hz;YES;Approximate;-22.548967;-47.914600;-3:00
25;Sao Paulo;Serra Negra;CH PALHA;PY2KAM;;146.910000;DUP-;0.600000;FM;TONE;82.5Hz;YES;Approximate;-22.611600;-46.701400;-3:00
25;Sao Paulo;Serra Negra;CH COURO;PY2KDQ;;439.900000;DUP-;5.000000;FM;TONE;82.5Hz;YES;Approximate;-22.611600;-46.701400;-3:00
25;Sao Paulo;Sorocaba;;;;146.710000;DUP-;0.600000;FM;OFF;88.5Hz;YES;Approximate;-23.506067;-47.456000;-3:00
25;Sao Paulo;Sorocaba;;;;147.240000;DUP+;0.600000;FM;OFF;88.5Hz;YES;Approximate;-23.506067;-47.456000;-3:00
25;Sao Paulo;Sorocaba;;;;439.450000;DUP-;5.000000;FM;OFF;88.5Hz;YES;Approximate;-23.506067;-47.456000;-3:00
25;Sao Paulo;Sta Rita Passa 4;;PY2KSR;;145.210000;DUP-;0.600000;FM;TONE;74.4Hz;YES;Approximate;-21.705917;-47.479667;-3:00
25;Sao Paulo;Sta Rita Passa 4;;;;438.200000;DUP-;5.000000;FM;OFF;88.5Hz;YES;Approximate;-21.731183;-47.495883;-3:00
25;Sao Paulo;Taubate;;;;146.770000;DUP-;0.600000;FM;TONE;71.9Hz;YES;Approximate;-23.032167;-45.560367;-3:00
25;Sao Paulo;Taubate;DEF CIVI;;;439.175000;DUP-;5.000000;FM;TONE;127.3Hz;YES;Approximate;-23.032167;-45.560367;-3:00
25;Sao Paulo;Taubate;;;;439.950000;DUP-;5.000000;FM;TONE;71.9Hz;YES;Approximate;-23.032167;-45.560367;-3:00
25;Sao Paulo;Valinhos;;PY2KVL B;PY2KVL G;439.725000;DUP-;5.000000;DV;OFF;88.5Hz;YES;Approximate;-22.968000;-46.952333;-3:00
25;Sao Paulo;Valinhos;ANALOGIC;PY2KVL;;439.725000;DUP-;5.000000;FM;TSQL;91.5Hz;YES;Approximate;-22.968000;-46.952333;-3:00
25;Sao Paulo;Valinhos;;PY2KLM C;PY2KLM G;146.830000;DUP-;0.600000;DV;OFF;88.5Hz;YES;Approximate;-22.962600;-47.003700;-3:00
25;Sao Paulo;Valinhos;ANALOGIC;PY2KLM;;146.830000;DUP-;0.600000;FM;TSQL;82.5Hz;YES;Approximate;-22.962600;-47.003700;-3:00
25;Sao Paulo;Viradouro;;;;145.270000;DUP-;0.600000;FM;TONE;82.5Hz;YES;Approximate;-20.867833;-48.294333;-3:00
25;Sao Paulo;Votorantim;;;;147.030000;DUP+;0.600000;FM;TONE;74.4Hz;YES;Approximate;-23.540367;-47.443900;-3:00
25;Sao Paulo;Votuporanga;;PU2PHK B;PU2PHK G;439.000000;DUP+;0.000000;DV;OFF;88.5Hz;YES;Exact;-20.417483;-49.984133;-3:00
25;Sao Paulo;Votuporanga;;PY2KAZ;;439.750000;DUP-;5.000000;FM;TONE;100.0Hz;YES;Approximate;-20.416833;-49.972833;-3:00
26;Sergipe;Aracaju;;;;146.250000;DUP+;0.600000;FM;OFF;88.5Hz;YES;Approximate;-10.909600;-37.074783;-3:00
26;Sergipe;Aracaju;;;;146.280000;DUP+;0.600000;FM;OFF;88.5Hz;YES;Approximate;-10.909600;-37.074783;-3:00
26;Sergipe;Aracaju;LABRE;PP6GS;;147.210000;DUP+;0.600000;FM;TONE;100.0Hz;YES;Approximate;-10.909600;-37.074783;-3:00
26;Sergipe;Aracaju;;;;147.750000;DUP-;0.600000;FM;OFF;88.5Hz;YES;Approximate;-10.909600;-37.074783;-3:00
26;Sergipe;Aracaju;LINK;;;145.770000;OFF;0.000000;FM;OFF;88.5Hz;YES;Approximate;-10.909600;-37.074783;-3:00
26;Sergipe;Aracaju;LINK;;;145.090000;OFF;0.000000;FM;OFF;88.5Hz;YES;Approximate;-10.909600;-37.074783;-3:00
26;Sergipe;Barra dos Coque.;;;;145.370000;DUP-;0.600000;FM;OFF;88.5Hz;YES;Approximate;-10.881983;-37.004283;-3:00
26;Sergipe;Barra do Coque.;;PP6DIG;;439.500000;DUP-;5.000000;FM;TONE;67.0Hz;YES;Approximate;-10.903167;-38.023000;-3:00
26;Sergipe;Capela;;;;147.810000;DUP-;0.600000;FM;OFF;88.5Hz;YES;Approximate;-10.515700;-37.033100;-3:00
26;Sergipe;Frei Paulo;LABRE;PP6AAB;;146.850000;DUP-;0.600000;FM;TONE;123.0Hz;YES;Approximate;-10.524167;-37.508167;-3:00
26;Sergipe;Itabaiana;;PP6BE;;145.430000;DUP-;0.600000;FM;OFF;74.4Hz;YES;Approximate;-10.686400;-37.424800;-3:00
26;Sergipe;Itabaiana;;;;147.090000;DUP+;0.600000;FM;TONE;74.4Hz;YES;Approximate;-10.686400;-37.424800;-3:00
26;Sergipe;Itabaiana;;;;439.500000;DUP-;5.000000;FM;OFF;88.5Hz;YES;Approximate;-10.686400;-37.424800;-3:00
26;Sergipe;Itabaianinha;;;;145.430000;DUP-;0.600000;FM;OFF;88.5Hz;YES;Approximate;-11.292483;-37.794467;-3:00
26;Sergipe;N Sra da Gloria;LINK;;;145.180000;OFF;0.000000;FM;TONE;100.0Hz;YES;Approximate;-10.217000;-37.422167;-3:00
26;Sergipe;N Sra do Socorro;;PP6DV  C;PP6DV  G;146.610000;DUP-;0.600000;DV;OFF;88.5Hz;YES;Approximate;-10.844100;-37.068400;-3:00
26;Sergipe;N Sra do Socorro;;;;146.010000;DUP+;0.600000;FM;OFF;88.5Hz;YES;Approximate;-10.850283;-37.137100;-3:00
26;Sergipe;Salgado;LINK;;;145.150000;OFF;0.000000;FM;OFF;88.5Hz;YES;Approximate;-11.026333;-37.476333;-3:00
26;Sergipe;Sto Amaro Brotas;;;;146.330000;DUP+;0.600000;FM;OFF;88.5Hz;YES;Approximate;-10.770283;-37.047767;-3:00
26;Sergipe;Tobias Barreto;;;;147.150000;DUP+;0.600000;FM;TONE;151.4Hz;YES;Approximate;-11.183833;-37.998333;-3:00
27;Tocantins;Palmas;;;;146.230000;DUP+;0.600000;FM;OFF;88.5Hz;YES;Approximate;-10.168383;-48.331183;-3:00
